,ARID1B,CCL21,CCND2,CD3E,CDC20,CDK6,CDKN2A,CDKN2C,CHEK1,CKS2,COL1A1,ESR1,EZH2,FBLIM1,FGFR4,GAS1,IFNGR1,IGF2,KDR,KIF20A,KRT14,MDM4,MMP9,MUTYH,MYBL1,PGK1,PGR,PIM1,SPOP,TAGLN,TMEM30B,USF1,LINC02593,CCN1,ACTB,CASC3,GUSB,MRPL19,POP4,TTC21B,KIAA1715
M1,7.958505161,0.527959294,77.05015959,12.14440038,1.484088913,3.803994086,4.10191077,33.72791097,1.978712217,26.26188385,622.9216373,1.58208819,1.424019001,7.654738064,2.565954329,409.1113431,674.2778223,151.8139992,15.72854761,0.271156052,0,10.237077,3.154246283,11.83082629,1.9812586,197.7103135,5.789153864,9.438784262,44.66972562,160.784834,75.89747266,119.9955648,,595.1380823,1575.932809,39.14909195,41.15797141,14.41979499,18.21030709,5.630351785,8.738449791
M10,8.314062605,0,0.391793175,3.894532991,3.095752427,3.346884143,32.7432254,35.32545657,2.900411578,42.76997732,1074.14385,0.188597239,3.152143023,11.94125256,2.235586136,49.11492402,270.2087884,2774.711955,39.30497843,6.812972823,0,4.105392517,0.282888075,2.116139185,1.020035164,320.4434691,1.507854762,66.57728351,39.41658061,424.2843637,36.17708437,57.37767441,,179.779892,3390.52588,42.91799774,57.0014463,12.30066365,20.63024291,4.594081634,5.087399159
M100,17.13089899,1.03072082,138.564479,0.813269171,1.401942156,6.569710261,0.157143853,28.08854026,3.38166959,17.75597368,338.3573344,7.437162337,5.505991185,30.52297432,0.309920611,190.9199764,576.0779247,74.29884916,67.88628026,0.996866928,0.238588599,6.402304399,1.815566018,6.752289274,1.296837303,188.040024,56.05959662,35.87614761,53.63302476,304.8302225,198.9551688,63.6593652,,809.5142775,2137.896054,66.66275762,55.45133424,9.078228761,10.80328376,6.642119206,14.36319972
M101,5.453950217,0.336669507,46.94274619,0.437528305,4.121310531,3.742633533,8.695079133,4.758120312,4.530099214,54.4267724,20.76735517,0.456501027,9.287075257,9.498706092,0.692511537,485.4957692,475.8196892,913.6529982,3.441839231,4.75505275,0.204569898,11.96091214,1.337368554,4.217799719,0.676827094,312.6193669,1.852884368,29.93791465,47.50348698,54.83853772,436.2879886,59.52651248,,415.019701,1044.36246,49.13691456,40.54126639,18.69470673,15.17793608,6.623608548,9.855610446
M102,7.164519682,0.198883437,198.6693532,0.452312964,0.901709008,2.788001877,0.198102421,20.95409039,1.401100151,24.18266861,155.7885013,0.18877072,3.792947281,3.039424739,0.761102902,20.08645327,395.6748461,4.257293959,4.100703836,2.275049644,0.053709863,6.566333243,0.522476009,4.685488227,1.675467264,80.99606019,5.813841609,2.037068781,52.94139932,49.66795229,533.9323235,37.00015202,,36.2546278,979.6648716,49.29291695,19.08882431,8.467480701,19.58629742,3.177385852,9.891496736
M103,10.75512028,1.631458124,78.3909266,19.20658271,1.261806612,10.74075881,2.847253891,38.59133409,2.325712437,15.04429516,1759.37563,1.886830931,2.078616105,12.71077058,0.477435956,781.8541809,359.6647922,584.0421064,11.65987419,0.694520205,0.233251769,12.75179947,0.829532154,9.754427066,1.126959299,71.95493286,0.483553751,6.344534298,38.63875265,379.6456882,81.65357008,89.6615073,,342.7063569,2996.251953,51.96773243,54.15544756,14.26193547,11.85654506,6.952329204,9.059929644
M104,10.91089944,0.153108966,39.69221052,1.815665608,5.032762332,13.09718573,1.61767103,70.33128187,2.869147156,25.84819034,79.76298828,0.908273527,3.41011115,11.44440822,0.424798908,430.4983266,388.3758102,2260.195095,16.57935999,2.198223876,0.744266644,6.914271831,1.070435776,7.817370139,1.05532877,243.5472513,20.56331737,9.646944902,43.38421746,272.8685556,5.663970151,54.17265256,,128.0745587,2307.816617,53.63987838,47.45288694,21.78513302,15.70962272,10.7352581,15.43916439
M105,12.78675981,0,104.7069599,2.550801442,1.008555349,16.4399361,26.53328458,56.99219222,2.747070794,18.14606024,462.1322745,1.836374906,1.149722136,15.30578224,0.676023128,390.3527449,860.4642019,715.0551361,16.86414345,0.610954969,2.332289122,10.24774284,1.696604046,4.763323154,1.887360503,305.7420286,5.847601359,33.18166829,45.95640623,781.7502459,174.2362266,70.90922263,,532.0936482,1990.562873,61.30679347,50.42880777,27.48744965,12.70876482,12.91203643,22.47971369
M106,9.396852316,0,47.64049495,6.911109087,1.071594932,9.767625681,8.681325794,13.57539285,2.483734716,11.13331195,369.2211405,1.308626374,1.408610985,9.898449179,1.394434449,152.2827562,718.0246294,1187.909123,59.82579479,0.482799814,0.079786295,7.662930774,1.439616317,5.517041674,1.156465922,302.9175912,4.282802875,17.05606935,50.06221104,173.9313431,148.1869468,59.24885536,,444.0469696,1796.785064,59.10478705,75.15398322,17.16686852,12.15313732,7.279218705,14.14522148
M107,7.056019943,2.314099083,90.01221398,10.27512068,1.598749513,3.86186519,4.139612681,31.05551656,2.049449142,32.05763362,2289.978153,1.359696636,1.373516572,25.00169136,0.695811114,138.7378936,591.5956952,234.0290292,17.92715071,2.701146479,0.223192371,7.862218904,1.232658089,5.313725599,2.053567137,127.0733131,1.394708899,21.34225879,29.50875313,1469.493682,30.06103215,83.12132955,,714.9821506,2623.562928,45.30846411,76.62033075,19.40805377,13.14960227,5.902825307,8.951976368
M108,10.80751898,0,17.63625747,1.88989715,16.9724598,18.09488754,2.603345681,73.26181946,3.397330386,39.88087758,282.6057013,0.954120748,4.67773205,24.96330288,1.113039448,654.2180991,616.9555622,1330.870367,69.48886562,7.797408384,76.39181784,7.481544388,0.98987304,8.36087542,2.287340729,441.7339644,16.15755917,32.14891433,48.87601975,575.5450977,213.3838023,70.21410529,,898.1300823,2856.529924,67.87203744,59.09001248,22.47834244,14.05735387,10.46553253,14.14128698
M110,9.588633873,0,112.4651394,2.121937485,1.480566783,3.162231262,2.00656975,7.137426086,1.742837284,15.2145089,75.53102576,0.107343125,3.882298392,26.38776272,0.189348137,412.2877382,162.9563354,381.2593619,7.771859166,0.438930796,0.641376346,5.316059027,1.283050482,5.637280092,0.871542872,188.6473494,2.884835148,14.98853646,34.43906352,273.4215954,221.4020278,58.08704771,,339.1520066,1935.184591,44.3279332,34.51762936,11.06932665,8.83206521,5.895197747,8.47002871
M111,2.416907717,0,101.5379412,0.325196145,27.94692268,20.51258238,0.089017656,0.929131843,12.76298173,178.9114602,2979.791353,0.220543545,22.4976475,10.90048376,3.495269313,12.94975452,159.9285802,2296.35842,13.10178327,58.53382719,0.16894232,16.22225962,1.272331595,4.278463172,4.908130296,357.4323614,0.165110299,53.30540491,54.11916284,537.7885793,5.947139967,96.83425191,,176.244124,2070.562407,89.11541613,65.08215945,28.15848045,17.99585208,15.8478116,24.56959903
M112,11.48546953,0.197442938,101.3766998,10.45614477,6.669076029,9.731972063,2.402153995,13.60856704,4.033761024,22.76745758,408.2031694,1.70671014,4.377364944,17.69827249,4.042408028,221.8997411,510.0225244,2996.121975,16.26457887,5.300729298,1.239709669,13.48226043,0.690194669,11.27106722,1.839745964,224.1300034,12.33500528,15.04479371,46.28130544,341.3770751,116.2114421,92.7806002,,168.6522991,2029.810787,48.72619368,60.98761091,15.10728137,8.228270745,7.502726862,14.39978487
M113,22.4013876,0.518866769,95.27028959,8.496279144,2.493615644,15.22766469,2.923776488,55.65929806,2.046983996,27.37381943,694.3110168,1.125677058,2.947420272,17.2213597,0.655261359,91.4433027,782.0853986,163.5081413,10.15702218,1.28397895,1.345186552,17.10767087,2.321645053,15.45370804,2.357758122,212.7920626,21.86144282,12.69039707,92.14429707,225.0654089,406.0435246,100.771212,,827.9835382,2049.163335,79.79025822,70.25757598,25.80038789,17.09447376,15.76060908,24.57606024
M114,9.582798037,0.103519698,13.24456217,3.296032251,52.8011415,21.75190351,3.292256406,25.4265345,7.015661603,117.02961,12567.52441,0.624627332,9.307158014,30.05864339,0.455580996,136.9988549,246.8131867,214.5182855,23.13747127,22.23345759,4.948250655,6.725545399,1.118508337,5.285463153,2.497343008,196.9746438,1.701421912,74.18909393,42.7586329,961.137347,79.79930901,73.41797808,,758.048565,4199.560541,45.60720943,92.24974317,22.20311909,13.99717335,7.258299165,14.14545269
M115,19.56797818,0.724630155,78.42407815,16.17729178,6.476870909,18.13939598,0.486099786,86.88747983,3.442158982,17.32019745,445.7584652,2.512519086,4.822748598,11.1146834,0.49519145,422.0900166,707.7666504,749.8661329,18.47615869,3.286649962,0.12580164,18.31692301,2.315945491,10.76656931,2.272690019,296.121217,1.608261215,81.86738595,62.77296126,451.7363259,92.95557579,105.6421429,,446.8916662,3252.845183,80.52390134,73.9188106,20.74763707,15.42291624,13.23483434,19.44061485
M116,1.379560872,0.066629482,4.980649187,1.428738508,0.090626557,1.702345216,0.042665032,5.770619168,0.760417343,2.008666922,8.633861684,0.212310891,0.47651425,2.219287319,0.101993193,13.37152588,28.71147559,42.72905339,0.668871002,0.077773675,0.080971909,1.588357748,0.406541584,3.086944402,0.059533014,53.67523396,7.090200429,0.744495493,17.11872216,60.57543554,32.89651459,12.51869844,,55.32130525,389.6447074,8.839204906,4.9813883,5.365751381,4.916635474,1.674311016,1.14735354
M117,0.681224974,0,0.236898089,0,3.050421298,0.087073752,3.655457716,3.198446808,1.014993504,22.33185651,23.38764591,0.036859955,1.596967552,1.291596167,0.065019198,16.97056728,11.82148661,140.7808017,0.010032839,3.966368208,0,1.277816251,0.051832886,1.140568801,0.399032312,36.80758054,0.097837769,18.18265259,8.100427999,60.48699974,0.73034403,6.182780197,,8.415369917,159.0138942,13.86816896,2.815731945,2.907074622,2.321161633,0.641450875,1.039478926
M119,3.206973658,0.026207741,8.861475545,0.18732453,1.342690221,2.247777678,0.525825726,4.831513194,1.28501854,8.848896305,148.5215512,0.511717251,1.895720324,4.739466596,0.210617109,58.76244657,74.12662342,243.3859954,0.615167998,0.611822962,0,4.593287565,0.65961737,8.995027761,0.163915139,64.11972886,2.41310618,0.870375194,21.92720369,234.1720351,30.63959857,45.539675,,95.28558224,1165.043176,27.15754585,27.91022019,14.02114722,11.84275759,2.64068894,2.261783799
M12,10.77490321,0,92.81095102,4.407629909,0.60301812,1.924621355,1.873660458,12.03764471,1.349259939,9.021662601,69.10111082,0.189360698,2.391589598,17.09482206,0.254493876,123.4602276,620.1637237,373.2602195,6.577705077,0.248398368,5.172261686,6.196109783,2.180969455,8.614288928,0.339536104,305.8873611,4.028954937,32.98393655,28.4315293,374.3327424,310.604909,98.85268806,,277.5777146,3286.009452,36.73368995,40.08251773,16.53381057,16.82470087,6.407239514,7.760093558
M120,15.68062602,0,152.3872206,0.278561554,0.388728685,17.42559296,0.813355981,52.47569081,2.523449953,10.05184596,135.5299693,38.3387686,3.095100998,1.735870854,0,226.3378152,791.0992109,29.25274615,24.45698344,0.644956564,0.617451651,11.89079267,2.434050854,2.22934757,1.702384741,278.2677139,150.164425,22.38336124,64.05990111,324.1233291,288.1942635,57.76670223,,1733.187068,1124.271009,80.29907915,20.59513308,18.80656778,17.25962981,14.72540379,39.65101713
M122,8.888214137,0.175995253,36.65019389,4.86029086,4.149273767,14.69014867,7.287642677,41.0714999,5.604152608,57.56681285,699.0374453,1.789782238,6.437176236,12.03440317,3.653805785,489.7858878,473.9435119,288.7868688,18.99264067,3.738854191,7.236252012,10.11940731,1.275184758,7.467439433,1.752221288,391.8336872,2.586458418,13.49245707,55.0689148,414.4579036,132.7217562,89.48951799,,170.402834,2362.479419,59.56771761,57.43829058,32.35780412,21.00152912,8.996070458,20.84889704
M123,9.269287712,0.512802094,123.5385169,2.265849589,7.253910206,8.62631834,6.479714661,36.18695079,4.089467676,54.57151208,1118.225176,1.481041979,6.328898658,7.836868638,0.372862023,163.5523415,546.3318112,2571.486384,80.47297812,10.46302839,0.955551959,10.84710592,0.769181977,6.109232127,1.898196561,341.4369867,5.124638654,25.27513153,41.60487166,318.9425316,78.63592437,88.27501686,,363.5456448,2517.726615,65.38544986,82.77766495,15.24162398,10.23482463,7.844769965,13.17288627
M124,3.529321701,0.068765249,17.08994679,1.474535855,2.805946096,5.861558836,4.021647214,17.48378228,3.468587129,36.58939468,65.00801537,0.144523575,6.51971207,19.50903372,1.3684128,433.8054422,220.1749347,445.7989486,8.050247443,3.066186529,798.7373434,10.36088912,1.057673676,4.372477702,0.965506279,159.7571037,4.999310416,12.91271405,24.96747646,435.5761188,67.61775721,70.36627871,,25.85562174,955.9744976,54.48626395,32.67679177,15.88132016,12.13950375,6.667474206,9.166569071
M125,13.8065671,0,140.3842938,3.141924807,10.2305265,8.848016064,3.928512246,91.99903328,8.087421832,92.94727238,1179.87512,2.30529332,15.85078226,2.954177843,0.358144042,491.728208,805.0565274,943.41281,5.081190447,19.54170807,0.042122792,13.29333389,1.467204805,6.390724683,6.84878536,266.9538335,12.76811435,17.9447903,61.71542243,110.7752637,471.3846102,122.9406507,,98.8216991,2311.13422,59.41125952,70.61744617,29.77897348,24.2324462,13.54938434,25.96386166
M126,8.806769009,0.091508663,21.01740597,0.475690604,3.236119908,5.400145656,11.52387684,35.16712676,6.227445,34.897493,526.2688103,1.265611342,5.516017561,9.520393669,0.157586673,1024.637812,590.6283049,3896.792691,5.160509639,3.90939436,0.037068832,59.36754206,1.221374398,4.261227665,1.354919817,305.518681,7.871360871,17.72311017,52.07095373,285.4803965,62.55975125,75.4687928,,396.6633292,1773.193045,54.92034417,87.1168892,16.83361625,20.9005564,13.48287527,20.299635
M127,20.39332557,0.083459004,7.876468261,1.572691607,1.891955826,2.792786056,0.160324573,6.298513677,2.833940957,10.31569624,240.1288678,0.486608429,6.019900526,21.17586402,1.022040101,136.2284757,658.5614623,519.6559469,33.11841016,1.149532857,1.183281097,10.73236692,1.485246489,13.59248051,0.852229529,214.1592253,60.34521581,2.92714864,55.97566604,254.4812256,647.4925353,72.16431387,,105.6066777,2344.060031,72.07577124,54.14741556,27.5043582,13.84195634,10.7111405,28.10063376
M128,9.503645161,0.142918646,134.7415108,1.137620361,2.429897489,2.531268742,4.95708817,24.17857852,1.761965923,16.91102947,252.6751881,0.35366309,5.125159987,14.70098286,0.273466202,176.2236954,587.7581846,737.8113559,10.72869428,1.4847218,1.157885391,10.21497,0.817520608,7.584230769,0.866514625,135.0808449,25.69295742,4.280646283,37.80592443,167.2540025,106.9066634,49.18212376,,240.1766765,1651.014546,51.27033935,42.78945594,14.62355016,9.97356488,6.516999248,16.95226338
M129,29.4008507,0.293898397,54.23400715,6.206588521,1.288076784,20.28963306,3.993868082,59.66509492,1.476931319,7.678754868,146.9866731,1.700293554,4.504015689,31.30603736,0.731063895,256.6087518,773.3517373,5807.079036,392.9457731,0.846201652,0,18.35412579,2.415877981,4.978754638,1.838174312,255.8986101,3.002861658,27.00113783,75.43865142,83.79578287,213.9617145,66.0305153,,248.7752368,1218.109568,82.60369166,42.67534306,17.09682545,14.93990972,13.8338888,20.7993204
M13,10.96920207,0,93.83089818,3.807531874,1.827794653,1.90781571,18.15025905,20.3648562,1.413433863,13.99064854,500.6552488,0.355948496,2.471281847,34.60750009,2.098900172,87.39505085,690.2013704,831.6048483,4.830405633,0.437741108,11.35557238,4.58799843,0.810396153,11.50177358,0.610315959,237.1217954,14.24507718,14.43331096,30.67317122,314.0493505,518.3981132,73.38986393,,527.1134347,2958.528155,51.67865855,54.96772767,16.2864714,16.48506776,4.298120587,11.83289746
M130,24.08171225,0.214619294,69.6447855,3.451567251,3.259727979,4.698902128,0.870375681,14.22464079,2.07138054,16.49872692,309.125749,1.302266223,4.166139233,18.6492152,0.307995798,113.8150333,944.5673099,270.7688308,13.22794136,2.354847572,80.50566359,17.10516552,2.387119261,10.22233508,4.930996125,202.7761137,35.06183183,8.626441202,57.87616294,322.4723653,811.9504389,81.45408573,,689.151382,2076.511274,78.07997922,47.39129485,24.86934303,13.31808373,16.11353003,30.62016426
M132,18.35477565,0.083356677,6.435503522,5.443507566,1.776257987,10.20881328,2.917888066,49.46743976,5.731400737,52.6460648,509.2099217,0.469057912,6.472400819,2.760102902,0.047849391,680.0348004,781.5697134,1753.025202,38.72613516,4.242218849,0.03376658,10.34137719,1.165548586,5.398800233,3.160022961,347.8274176,9.405191683,17.72246398,55.38792508,211.8338961,113.3531489,86.58332284,,118.8108695,1059.685276,62.34159658,52.26739289,29.21161469,17.28123142,16.91041363,36.51811984
M133,11.84935408,0,20.18008547,1.207962038,0.997655535,1.063675785,1.052719261,4.268367318,2.854477652,6.633676936,125.1774868,0.622455311,2.883826873,14.16791369,0.232300196,149.8200113,542.5088599,953.260081,14.49493002,0.549126879,1.352428112,7.572865299,0.742681925,7.084647122,1.07505628,153.4287291,14.44641913,2.425745242,27.97850591,90.73096248,434.1525367,51.74295428,,100.3831064,1479.718941,40.97873077,39.65703159,11.35248241,8.873203151,4.938842608,11.99005924
M134,6.460236285,1.64047143,42.13546821,2.131920677,16.12798378,12.37025603,0.700298268,34.2870551,2.712816962,63.90105953,3736.876001,0.444873608,3.91660215,15.58019451,0.231290541,385.7711517,145.1283758,141.2793237,11.30591484,8.425341899,8.533979252,6.341422274,1.064594228,6.061468052,1.179212957,112.1027237,2.237367259,72.78434408,28.42273059,648.942927,41.20086221,47.64182733,,721.7455314,2874.091945,40.20197046,46.80404624,15.76154156,12.54809739,5.037764494,6.419379243
M135,15.60792818,0,58.51275484,9.39574046,6.146072866,3.766563439,0.675135717,9.412518568,3.234245107,20.02476765,325.4291356,0.37987291,7.885113381,31.05749458,0.847323985,281.7949407,877.269707,297.3960704,14.60897659,2.700503878,0.732175742,7.532713557,1.194728698,8.822567843,1.430387591,255.8495914,43.21056298,7.180782229,57.55014369,144.3263813,808.5625184,75.21137397,,85.54549002,2584.848278,54.23875267,44.72267722,26.06230555,15.56026591,6.812862252,21.0546678
M137,14.48442365,0.25924979,38.84784033,3.313000838,2.899323466,13.21480343,0.368902451,26.80883487,3.70144501,14.58903878,251.9075745,0.228491341,5.738811151,30.69680237,0.446452942,1130.143476,607.0817353,1110.383711,9.19812789,2.784020488,4.340757561,9.262998781,1.81250163,8.272913497,3.551783011,242.3042858,41.22038008,5.92765023,58.87294552,692.7104099,883.8032362,59.81833778,,259.6797966,2693.381107,53.42869992,51.84580178,24.40069621,14.04097496,9.321711754,22.89901504
M139,11.22103925,0.946463795,89.59434079,6.355018503,1.954848675,12.99038285,0.291802651,47.44299528,2.726339137,8.242829873,875.9377994,1.739639668,2.105857525,13.5370814,0.704278298,428.9653806,344.9526146,486.8915822,33.39403716,1.22751747,0.042599861,10.52207279,0.842169188,9.719514102,0.993314123,168.4105457,3.223449401,3.166112678,44.50338036,455.5616736,100.8649705,70.58988447,,858.3836765,2118.34798,58.42401337,65.69704249,19.21863887,15.49048623,9.61648064,13.91190413
M14,11.03973154,2.54743151,55.09783499,1.947403587,8.967994183,11.9599966,7.260454995,12.68594337,11.88673413,69.34313422,1777.253884,0.41652918,13.38062641,52.73004018,9.060568405,126.5097985,145.0845213,1882.809184,6.459567878,14.97247324,85.9534938,18.46474018,0.571441994,8.607284726,2.37174872,392.8797728,1.456153207,102.1360522,82.09963549,1582.237871,296.5548519,133.7778731,,458.7522824,2125.086401,138.0263499,42.45378846,16.88247807,13.73230568,6.741173385,18.54841074
M141,14.36049883,0.124429214,307.5199608,1.212791072,1.128288455,8.646389176,1.16858261,24.63698434,2.507026667,28.88381634,698.5003665,1.805278086,2.034013155,4.948989928,0.714263369,47.86796698,454.0769021,16.66083119,86.16974542,2.091467089,0,11.34268138,1.803119503,4.794201268,4.192949953,143.2114762,8.277369923,5.793043009,138.7960683,390.2962923,325.3485248,73.48205575,,2258.380196,1782.604866,95.14973263,30.58639639,16.99225465,20.04237789,14.3982659,28.00582142
M142,15.38972631,0,79.23405604,2.313161991,0.685946737,22.55032948,0.968786867,85.43002912,1.655191211,4.292745647,127.2311183,0.669737536,3.200573186,3.661770748,0.817390686,147.0127772,696.0851008,8760.951421,57.38829615,0.4986331,0.612871306,11.97486853,0.916338645,8.561983597,1.215488499,321.125963,8.039649484,9.861319597,76.11055273,118.1533854,5.922387974,58.33044943,,373.6154235,1073.624371,107.096119,40.43667334,12.93993175,9.431641806,11.01820614,11.43075294
M143,13.44994991,0.527495001,89.80372075,2.027999418,4.384575723,10.30998876,1.501210076,53.10338919,2.390699364,18.68519814,1002.368683,0.852336556,2.029957544,12.00599204,0.656064398,101.3200905,611.0419207,413.5431023,14.8087964,2.893892486,0.035613428,7.453358695,1.743367714,7.626749166,1.301722711,248.5932463,2.520771361,5.102721213,68.62891863,392.5664395,126.4572226,88.81516437,,491.7731688,1655.920862,55.38697514,72.54509787,18.00889259,16.18753294,9.849839004,17.65032277
M144,12.71238953,0,66.40735442,1.477966958,1.031240929,7.518205398,0.676212681,43.2757774,1.85417146,10.89772444,43.48855361,0.391021509,2.921382341,15.86819949,0.310870191,348.0567374,355.2704649,166.0089708,19.8951732,0.587884749,0,8.393747911,1.745091992,9.735282955,0.591020533,224.2085233,34.43561719,9.707070521,57.03588994,546.6684929,463.6034589,56.64815422,,283.6366518,1955.90676,53.3417337,33.01720216,17.55360526,14.60316979,11.38141835,16.77773953
M145,13.21667378,1.620676422,94.67332327,14.34071361,4.797756063,7.774207971,2.604604267,12.3451376,2.767038309,35.78147476,1038.088207,1.848508302,4.285598552,15.1670667,0.820870545,694.6748119,411.4566938,662.993207,11.89244417,2.826488969,1.081314707,8.50636879,0.824050083,5.723839008,1.375052344,250.2755379,14.31352838,9.024857818,50.17456409,247.5339424,335.1541015,89.33293157,,749.8468859,2188.550876,55.04842791,54.72433742,24.31480839,12.4079676,7.572481772,30.23516643
M146,11.63288625,0.108743324,154.4316261,1.872495807,1.676290616,21.37428979,4.317177796,35.40076979,1.225725302,15.0800204,238.5336149,0.626656445,3.088579742,25.71627433,0.811487768,511.2442568,508.686298,7324.792844,271.6572597,0.786974174,0.176201371,6.854978428,0.704969103,7.120142327,2.290234454,381.3742246,19.69265078,11.61058719,42.67987988,250.5686053,95.33240968,59.61629307,,315.556738,2024.543534,65.81520961,40.09588646,21.66376895,14.22966112,12.16996196,19.43046031
M147,17.17326419,0.778747109,194.7051008,0.759031993,1.553520239,14.89599667,16.92110074,50.13948477,2.19445663,11.0340716,597.6200014,3.600715448,2.132272271,29.69186371,0.089405135,392.6921688,304.8973945,90.36203717,4.943470227,1.127156756,1571.238952,5.386258713,4.454574881,11.41285863,0.457243641,257.341534,6.29687107,5.41424124,45.58731872,55.51486746,358.2844234,71.70980745,,1230.554168,2872.017235,54.92583922,43.80101352,24.36596628,16.46215003,6.91115848,13.2995186
M15,44.37302243,1.464911023,2.387721048,3.688547059,48.89949188,1.02125567,9.106711249,15.29812144,9.365445564,140.4916584,29.2765131,1.017989016,54.88994392,7.247209305,4.87024519,0.418953153,155.0480972,3279.679614,6.622994037,15.00460468,11.57157686,7.592971316,1.233657013,7.617987024,1.308888589,358.7043623,0,11.02595274,27.58073857,20.38833019,593.0039112,78.15231327,,79.60195224,1360.281238,51.31608571,88.9641712,33.57467176,19.04562597,5.746151384,12.7797508
M150,17.41403825,0.827914782,123.1648461,39.73292291,0.536235286,12.91628096,9.290087422,64.75401474,2.399665169,13.01433416,294.5201229,1.699931562,1.667547066,2.062413668,0.181047424,442.5510548,522.3224516,1716.411391,70.08611462,0.24849994,0.143732685,13.9385711,1.608676349,9.281795192,2.324886267,201.6772888,0.851348361,10.42555235,54.07710966,381.5061752,107.3781955,91.83474599,,517.4888932,2219.863291,64.44031882,53.95797712,21.4959139,13.88085903,13.3815104,20.15094843
M151,4.337867108,0,5.714105472,2.832031554,6.372313371,3.814427082,8.552736206,21.54602079,4.474705062,76.59410322,698.2526637,1.209422113,8.891873569,5.613452212,1.344665008,272.2068746,145.102135,2486.403852,9.696149053,5.04791645,2.381397739,14.62219131,0.523953971,13.75230358,5.847753895,128.9776096,2.030683245,11.89165207,20.14014817,76.98950526,51.93492133,95.17811621,,68.81993616,1451.493279,31.639018,54.25649527,23.80210274,12.41320299,4.944884678,10.05471344
M152,13.16229804,0.092671581,100.1173155,32.7580352,0.504191603,4.092848675,1.701098287,9.85837929,2.115252145,19.41658586,210.1077938,1.074362054,3.238054054,8.424860647,0.336910804,491.2964017,675.4030236,135.1259139,12.81897148,0.432685905,0.037539913,13.45724701,1.319355694,5.34493832,2.211981915,276.1777397,13.78595044,7.277131594,90.50050922,68.22738704,277.799593,85.66519659,,69.72360592,1628.835776,59.40312232,44.16562249,25.8876983,13.85895454,15.301359,22.4725637
M153,14.35333789,0,94.08970709,1.818188627,2.670796165,2.308648404,1.173529779,15.77586222,1.355652367,9.323387786,396.1049659,0.579093825,6.84096698,21.79464436,0.356935767,48.10270483,876.9763681,171.5221795,13.47943442,2.612899674,12.88585969,11.41392529,1.03585054,10.65223376,1.278248431,190.2147112,62.59097388,5.850810974,55.07068664,360.0466422,413.4559525,63.99971531,,373.4774995,2204.955531,64.42687353,37.15531072,23.62099882,14.35150058,9.471358436,23.94749481
M155,13.57750554,0.260102457,28.42018203,1.211250683,2.27991673,2.646425817,0.79574889,6.374156421,3.847993352,11.89258022,151.0199528,0.387949428,8.432795456,26.61891636,0.680176813,78.89302236,666.9107938,184.183624,24.24209756,2.145483836,4.109185511,10.64709372,1.388644402,8.033699227,1.438665891,177.5621247,28.28659813,2.960117988,46.25877357,297.1510874,456.9816921,57.7173588,,173.3085452,2141.434075,53.403519,36.82482635,21.55577208,13.75813016,8.119558161,23.15875634
M156,15.16124527,0.190693197,47.18293778,2.757005235,2.593726904,11.7347243,1.383880223,27.66741048,2.552462467,12.5036254,380.1437718,1.402726231,3.058766116,6.72521047,0.218927953,576.7497203,403.390209,568.5767356,8.206175096,1.713926175,2.74227017,10.11616325,2.230079422,7.595238338,0.961447757,269.9951556,16.20280632,8.937278355,72.23392558,472.5745477,310.508578,84.81912601,,1129.549366,1679.911722,71.58491115,55.19507594,23.24575357,14.7682512,11.45373468,19.50915583
M157,12.97347747,1.668742653,57.69536075,5.7830969,4.08555365,8.376162549,0.902331439,36.37154872,3.260333312,22.30289528,363.1152741,1.862957899,2.227745609,7.410972459,0.170295378,235.405695,511.9736209,443.05616,13.41798134,1.688136832,1.21677018,8.376336211,1.824253214,8.415005159,1.263809189,291.1088429,10.77727824,11.25664174,59.13103275,878.5167906,180.8963317,92.23346376,,680.4119736,2303.185079,59.14714475,49.28576245,25.24621573,15.32379928,12.1640669,18.48093156
M158,14.30023993,0.939784872,63.4436332,10.44231849,2.258250478,13.09624714,0.42124245,50.06555205,2.701215145,16.99891462,899.7297648,0.974827698,3.014876422,13.95712057,0.755253082,201.0715443,352.343223,1381.886102,10.8770602,1.579636381,0.038069321,7.691244468,1.302123719,8.397046349,1.127586059,210.0584237,11.38159768,3.675294388,65.99817498,357.0101893,245.1066566,76.05595289,,1753.52373,1853.615172,55.28657182,63.97420723,17.36344977,14.64880734,10.41388358,24.61721244
M159,11.86418315,0.134116646,68.96582616,14.51006291,1.824196966,5.690790248,11.04979886,7.096298463,3.665936783,11.52309215,262.639156,2.936927222,1.726492298,30.11379399,1.052158832,220.5816992,803.6488497,3128.724021,30.94629637,0.500955151,10.86574139,12.7323579,0.937654138,9.383842168,1.865961055,410.905167,6.258939318,39.37920604,69.65371112,644.3277289,114.1950292,90.76780329,,998.9114838,2565.519126,101.7223885,50.13449538,20.0389682,13.79863209,13.64509656,13.69383587
M160,10.21612633,4.215510695,105.5030831,7.282243751,0.512774967,2.061244342,6.715404087,41.1451544,1.665960646,11.62355832,181.4920397,0.892245339,0.861373702,27.71934396,1.180408573,125.2819213,551.4694691,81.19063841,21.73583739,0.264031173,0,8.673531316,1.555287217,9.138196331,0.826799648,227.4813863,3.749802371,28.81689776,51.84971792,335.4096204,33.19056685,106.6752728,,72.21018422,1956.727799,65.20675324,61.20948728,15.03202385,14.40800228,9.918749204,8.883769326
M161,14.90469579,0,86.89182232,1.342879417,0.312328186,11.94133067,0.269568541,8.696742892,1.326497844,15.05646041,48.84626436,0.972993928,3.683267008,5.691291542,0.087875315,695.066216,771.3727103,83.54452135,12.54269543,0.375246244,0.046509195,12.55741084,2.159987088,2.469675142,3.297372792,190.0954312,87.45122983,3.599205532,78.15221435,96.06644629,1198.116956,37.82999392,,897.5302786,824.5564199,64.89959418,33.43137331,35.92355671,15.62103358,22.68678801,54.6719157
M162,11.08268158,0.596343718,22.67922574,9.327620943,4.441853603,18.54288474,3.000315588,44.26962445,1.860505104,30.94761234,140.8158283,1.900213882,6.040452824,9.831325573,0.489029017,534.8158971,544.7144084,1717.884939,33.27786598,3.838416515,1.829031413,7.308244273,1.017943714,5.135054887,1.391880572,320.4516569,20.87512722,15.01896762,45.57711093,301.1235854,172.2767777,59.20651563,,350.1399956,1481.124387,61.57968616,42.71087805,24.32864623,16.61997424,11.19461681,13.98825456
M163,15.43329659,0.09865472,111.0262998,2.78855682,2.952089999,41.44444534,2.969076341,99.20668646,3.252627149,105.1353529,674.2588608,1.451394857,5.503284015,9.877270357,0.11326191,274.2447655,468.8680087,1340.731163,45.9353019,3.66193956,0.119890786,9.017980594,1.805833315,5.946540041,2.254053874,264.3804377,12.41543131,13.07491511,82.65564555,572.0058568,304.5837259,107.4294149,,3761.125066,2099.801713,74.55439213,57.77232239,26.13258669,14.26840778,14.75344816,26.45170746
M164,10.05335399,2.827301544,108.5215802,16.07505836,0.783357674,17.56770489,5.732975966,8.923297701,1.051220433,18.11225639,811.2561555,1.022301123,2.583669265,14.55656624,0.090164514,205.0472025,835.1602432,1254.677586,43.43145934,0.256681073,19.85184636,9.103887001,0.539089275,1.912111243,2.004901404,351.673846,2.803012643,361.2769664,21.00815038,441.1290558,78.65391433,39.14166607,,1047.512727,1819.400383,33.72450779,35.44750559,12.03410802,10.00092335,4.245453195,10.3895015
M165,15.12951274,0.109913192,61.91216441,3.178207189,1.893656522,10.32165558,0.117301674,36.76109311,1.084047766,28.33070794,128.2969372,0.670656764,5.457547279,5.685280825,1.808685417,154.0820432,502.3081605,7581.205424,58.88488182,2.104068399,0.534290869,16.92048088,2.836241192,5.923671516,2.174577613,400.5750655,4.872285399,15.89750145,48.04191913,51.77812081,120.8904492,47.12791592,,177.3469722,1735.967467,77.9686282,29.66400659,19.18179893,20.20690666,12.78591669,13.2711323
M166,17.20702911,0.527789004,54.41649909,1.851938126,2.967220458,7.708956796,0.180245614,8.113252742,7.094295456,22.75295814,31.98533595,1.252380688,16.54348914,9.741131712,4.403130863,332.9383399,854.8669324,105.7945174,34.53242755,4.682093864,0,11.00463088,1.999281302,4.166900264,2.371354027,273.4233597,131.4866451,2.686564815,62.19028834,408.841936,439.7710331,63.42306708,,242.6665058,1222.158203,56.90075054,35.91609462,14.01236789,19.64357775,13.43085082,22.61427185
M167,22.39718052,1.987760272,76.58097677,3.798896524,1.484365692,17.9421449,0.549062965,16.47635692,2.784212305,13.74741947,594.8450762,2.17999631,4.133353995,6.826994043,0.13423974,200.756053,956.0186853,103.7252066,23.21690846,1.719696534,0.094730923,23.96758603,2.318659551,6.3293173,3.074508514,230.9255961,11.01868408,10.05282195,92.61350081,315.1299594,241.695874,84.17548082,,1399.819124,1375.825586,88.17672311,54.02030857,29.96301401,14.41308507,25.51237709,43.90556542
M168,12.36549703,0,129.0923079,1.020301985,0.976331589,42.12288804,13.38689537,37.35554613,1.099861802,9.873080196,48.8372615,0.383236475,2.786784004,7.313239786,0.274696456,262.6800225,733.6818601,6078.306061,116.4854787,0.837865832,0.290773605,6.552410699,1.151958899,2.757198039,0.67571524,329.3307085,5.753531224,12.75489602,67.04017329,104.5383723,6.564306807,37.12351799,,20.26236027,1191.607357,69.8600449,30.59162122,11.47829754,16.02898896,5.807217184,10.24292817
M169,9.157775402,0.236811427,34.86385667,8.437614443,2.898906511,9.31654011,1.381591451,52.40626878,3.069665409,12.37445941,1375.688345,0.808102269,2.064585069,13.67199337,0.377603641,142.7797828,511.6718452,650.3932188,6.723946235,1.437381938,0.063952582,5.353728094,1.495081853,10.11316252,1.38036952,150.1591736,1.297389633,9.285680701,36.28604328,552.8720358,75.906987,67.38014984,,1827.518247,2802.733637,46.38074278,87.49992383,13.69666645,9.408481235,6.492616597,13.47296581
M17,8.191574915,0.836250331,128.3686906,11.68280526,13.14365585,8.046283367,21.30014011,36.05756175,8.817225588,71.84931884,4333.239707,0.500805283,8.002630879,37.60253875,3.786937719,616.0334055,162.2429727,7418.195918,21.6043583,13.24267263,0.225835249,8.821043193,1.275601001,7.742107825,3.397909552,353.7179836,0.426376922,20.50484689,37.8677219,225.6078287,73.59414401,77.12619387,,207.6257992,2002.022846,82.31586882,67.84311242,14.86275475,20.94136706,11.48074745,13.1295519
M170,11.99417052,0,113.2632115,1.880807522,13.33683416,6.98077206,13.17520082,44.68948636,6.107872304,118.6122462,4269.837035,0.972055598,5.96945476,21.57669868,1.159206474,462.8867814,277.9671318,5775.86548,14.58802832,17.36448798,0.245410261,9.904874768,1.463177234,5.584919784,3.685990481,308.5427724,12.57362756,44.06291643,46.11221199,973.6181353,49.67760775,79.37150794,,1477.091675,2397.120325,63.43597536,35.96008963,20.76416523,22.48925018,9.563190269,15.30741199
M171,16.49123876,0,36.57471021,0.091674512,4.221705735,8.889227268,1.475559399,23.06268791,3.081119115,10.42038603,1976.712714,2.142556234,3.084618239,17.27644665,0.620895959,214.8860935,263.865988,1653.310202,13.18399292,3.524164648,0.114301759,8.029148227,1.614046503,9.437760837,1.026465794,171.2148736,7.430348926,4.072417701,67.42818407,341.6613802,348.6308076,65.68282554,,309.9993597,2432.901105,56.72140575,51.46522586,15.46993938,15.80435674,13.10874982,20.90751711
M173,16.79865548,0.357441194,114.9065813,9.948528544,2.214802454,9.590386315,0.610350037,29.62991436,1.49408021,11.49409596,384.3966069,0.767387875,4.917859652,9.711243712,0.387567218,901.5696129,509.9082849,4027.016673,51.20266585,1.446381548,0.048264747,6.850739751,0.984450779,6.871941836,1.80977133,242.730757,35.42751805,13.94176746,55.11496705,310.8261904,437.4619726,62.1623288,,909.3455405,3494.504515,51.49125288,46.96555236,16.53412182,14.13409695,6.966546896,25.50144256
M174,14.47384376,0.762130796,22.61665999,1.980896922,3.850293757,0.738508471,0.371822648,35.11038727,3.620295603,38.23832751,62.28282824,1.350798409,7.519510748,10.87927167,6.458147065,212.0918076,572.8520113,10155.42367,434.2297137,3.405904377,0.396936162,6.963859375,1.162540414,5.172896977,4.94737538,222.0844918,31.21747904,6.657188184,34.40626339,36.7784048,37.53140465,65.63198973,,24.30002045,2217.306262,42.95264046,53.04751078,13.73127461,14.35412027,7.393619111,15.30744968
M175,17.56462368,0.922218187,62.42271603,11.72812496,1.493287546,3.038355385,1.209173119,8.365002581,2.338873573,9.730680644,109.0003854,0.544845612,2.772772772,31.82708721,0.579800045,837.1013958,377.1302052,160.6701816,28.57093533,0.953440329,0.160104517,9.012739152,1.205772686,10.5881689,2.354274361,186.7468838,39.57659478,6.624357983,51.40253372,478.6022801,1467.028637,60.86640036,,183.0702649,2677.672969,53.32965172,41.44160225,19.81696756,12.9436002,10.85227409,19.15002949
M176,15.57521109,0.434784006,59.48643455,11.33602984,2.119092019,6.676558806,5.080916632,50.7018691,2.588217875,15.56498372,1680.761391,1.444367208,2.354294821,16.84566761,0.790336303,264.4992431,747.14968,1960.337929,10.25371983,2.004642075,0,11.27705218,0.82901449,11.9216907,1.720396889,278.8256585,3.970720542,21.99653637,54.18458198,201.5625132,23.20497964,75.71327942,,472.638197,2415.778917,50.02864658,52.95989404,18.27085053,17.95120915,9.313364118,12.38648253
M178,12.13314324,0,71.61355452,1.164742131,0.985079436,3.438778932,3.454968719,40.72059501,3.122512547,19.97766808,176.3671214,0.994294905,2.242003328,2.809606972,0.415736569,241.2021881,1192.022326,368.5610261,12.65369869,0.913002881,0.26404102,9.738863279,1.629494037,5.289894212,0.915189009,274.2411305,40.19354318,9.070242167,64.88486644,256.3433965,193.6196876,81.04277196,,60.30953236,1299.293001,84.67758273,23.98851032,23.86769755,18.81163074,11.78508108,13.07289611
M179,9.364225147,0.231807343,28.71528443,1.694541021,14.50354168,2.524506757,1.360643241,10.78050859,2.465895681,33.01950015,1313.59605,0.29859929,4.428740293,30.95217872,0.133064807,45.42161162,172.160095,274.2138282,27.82176991,10.76902654,390.302794,5.292485097,1.016584741,9.588960703,0.665737625,244.6077318,14.48883176,43.56467449,40.85724324,365.8509306,256.2998032,63.4959609,,160.8387933,3827.593453,45.99377423,47.94056906,16.08403387,15.59018982,6.350684753,9.861849785
M18,15.50048914,0.419236414,68.0354449,1.668543238,7.507993442,25.2298936,1.879155319,50.49410732,3.987156928,46.9209668,963.6427568,1.151123713,5.075616088,14.68260863,1.042838642,645.3614429,681.257705,3090.392752,25.2050237,4.697820472,0.679306351,8.938327525,0.639495578,7.358033423,2.113729885,346.2941554,5.029530595,39.75239953,54.23545835,148.8133006,411.5691041,50.37028601,,859.1270946,2761.64906,59.60891266,47.30587241,26.3525759,13.4349519,8.119549289,17.52782315
M180,9.983506897,1.025394255,62.42956111,5.024936615,1.278472425,8.211099592,1.933302821,51.54228591,2.058762756,17.77461559,690.543767,1.141258013,1.379361622,12.7239338,0.752111504,153.9168645,248.4437352,401.8031717,10.16744181,0.51865571,0.103843083,7.95435062,1.498946121,12.36139137,0.588974902,123.645694,5.873983372,2.572613265,50.82596455,299.1515095,161.1953712,67.70016325,,917.3293955,2039.817484,41.9775193,55.63662852,14.29467788,14.02796741,8.871741566,9.927844246
M181,10.11862975,0.231202376,44.3261182,1.276978523,2.410948425,1.454990873,11.02945887,10.30167548,1.889386661,26.311811,581.0071202,0.266470535,5.527383115,46.02398032,0.729946453,28.33803439,202.9951464,40.1560738,15.35931425,1.700196147,7.164739648,10.15950454,1.880916728,32.59935755,0.929600269,165.1842986,5.062017221,7.75013352,39.2772974,117.0689128,241.3681442,108.918885,,196.6188325,1872.617394,67.88978729,56.9129668,18.89759076,17.2393129,5.965683802,8.149921766
M182,8.828964907,0,120.2788947,1.168793184,1.268582199,0.69288653,0.938490438,33.92283074,1.957078065,15.51463317,505.8799726,0.406492016,2.143993688,21.00828919,1.013405894,280.6620963,527.036623,3238.941781,8.836629213,0.979801865,5.869586111,4.319799298,0.876474294,6.472166092,0.778065251,226.7527846,10.92742716,6.296250012,29.87127607,176.2538331,315.2306583,49.0132621,,200.0145539,2958.679332,32.99733985,45.63534247,11.17809312,12.35997903,5.61014526,13.82691818
M183,14.1520595,0.652912952,10.28385793,0.939423277,0.71890906,6.277550336,3.344651795,23.1435799,1.603310488,12.51292228,177.34576,0.556477867,2.229895539,13.24931499,0.178472789,118.6828072,245.8822942,2466.399904,21.76988493,0.587918585,6.007600629,8.455602327,0.379406288,11.61914469,3.131168122,234.9661895,5.192107566,8.424485155,47.38797176,278.4879598,0.289145078,76.22311513,,461.6049358,3053.46212,50.25178305,38.01876791,16.95218023,12.55928814,6.036803011,11.32813276
M184,19.49065673,1.270000496,21.55363144,0.750211263,2.146163743,4.350735794,16.65874524,31.02659439,3.790248507,9.397589314,1647.961646,2.246472372,1.085201662,11.01636563,0.265098468,403.5879185,433.6495976,406.778379,9.953849549,1.105073701,0.093537958,6.871016491,1.364870529,11.40758696,1.85684283,243.5614691,7.486440213,12.54216143,49.41058356,523.4866175,167.3810092,69.2324243,,390.2620995,3206.626437,67.77025217,89.870987,25.55127275,21.03093003,10.57176852,14.66528966
M185,16.0208166,0,67.23034372,0.310109548,3.15291808,7.964489111,0.582088609,12.18920388,2.324666453,9.660154534,412.1625116,0.249601082,4.095750258,37.8566992,0.626182213,235.7634913,515.7336317,400.4844725,9.803264043,2.355605829,0.662830755,6.100500663,0.866646577,13.27939337,1.775285826,197.3775239,31.75182641,15.36294518,50.73294998,161.0215357,837.7370304,53.28816883,,237.82156,2778.967748,57.98051426,56.99987508,17.68996506,12.41915355,10.07877777,16.53296601
M186,10.41980778,0.096172474,7.971256228,1.281082277,2.485383635,4.805580057,4.700787886,23.80938281,1.585393991,11.4522119,168.3598323,0.182564696,2.987003891,5.596357004,8.593744422,17.32002637,305.6471192,3543.999942,74.7224627,0.875611739,1.597281016,5.077675969,1.2836227,9.957061705,0.552403849,150.1405233,2.46329896,9.223641257,28.60898954,141.5189369,71.27354722,53.90384816,,40.93868297,1578.334553,49.41805983,47.25874888,7.049582374,17.86999841,4.161417898,3.555703629
M187,15.52059836,0.115371215,126.3983622,3.97324833,3.29538231,0.460844953,0.320129136,8.610489642,2.243247076,28.17240845,408.8348365,0.203366209,8.746066757,34.31368905,1.081703689,459.5204056,386.0678938,370.6834547,9.078031675,1.562146068,0.373881639,9.393614851,1.114572593,13.93556772,1.502072971,175.7817559,39.77889234,5.407139186,49.57540878,223.8200386,728.8154715,73.10702473,,133.7856824,3223.627645,53.1678297,43.4743707,19.78677766,15.50235325,8.145838333,18.92022153
M188,8.399470825,0.605081281,95.20430203,5.981879497,5.408322184,9.316080143,18.28410545,34.90432705,1.948660666,16.93832753,776.6145215,2.062843688,2.40212719,10.33103154,1.6043613,98.99788986,705.9752306,310.2184732,12.36535173,2.48208683,2.346049473,6.014974054,1.351506352,7.028787617,0.673036949,148.3102827,3.168074231,96.47804558,32.89972978,613.9463317,231.8234066,53.71443294,,886.093351,3153.274797,37.30639069,70.52713425,14.46040367,11.44481697,6.219702568,11.35631831
M189,14.24138484,0.742850714,65.7270824,4.505164947,2.806648918,31.49238649,1.84983384,40.64991943,3.157398718,12.69026537,3162.406198,2.383837318,4.123626407,10.50355625,0.30797,674.1731535,456.5726335,523.267176,36.73781912,3.005936592,1.053213156,9.893519025,1.40067573,4.214238277,1.343267833,240.8188945,5.042646567,15.83217739,57.68363869,254.1778359,298.3432018,54.70192383,,536.0211042,2223.999671,59.08224728,54.99291082,23.22292442,12.2160184,11.10905748,31.97955221
M19,27.7252203,0,10.58399557,0,1.337507313,27.62817898,5.932150888,72.77035242,5.206576917,7.723252066,140.4115623,0.89474994,2.347728681,6.084192454,1.128945912,492.6131094,901.6939344,9194.199934,87.37650803,0.036246907,0,7.141984141,1.973658799,7.340253675,2.140385118,324.446085,9.686047027,7.132300368,64.26703881,249.4618005,478.8165021,54.84352545,,450.0309379,2674.904449,71.91252278,41.0773522,11.53708878,18.63695321,3.806454181,4.152031148
M190,15.78013842,0,122.2430034,4.09288297,3.115396333,11.30699133,0.733330761,14.98951945,2.241105621,21.67413096,165.9781913,2.087733686,4.394200517,45.17603603,1.095668138,538.3521106,627.1707459,2469.500378,11.74082974,1.812081679,0.206185647,14.06698675,1.391065266,11.70058713,0.925806026,288.9819307,84.93903669,26.73828563,70.76756783,165.1246072,325.9872557,63.41929807,,568.4901532,2533.61889,84.46035505,39.87969755,36.5177255,13.57487379,11.13693802,20.80353734
M191,21.72181497,0.449364503,141.077788,3.68640057,1.782684989,2.192906106,1.534628047,19.20891047,2.564214461,10.49885549,372.4398354,0.883496311,3.282586827,17.58667451,0.515899111,71.784668,838.5812791,365.3759872,89.059464,0.970368471,0.455077598,12.80566369,1.785032333,15.18941686,3.728254187,244.776189,14.77126817,14.81906621,37.3724061,171.2209539,567.5395279,83.49581045,,302.0651985,3217.229714,60.78507148,45.32289028,18.36466094,15.00046246,7.367300626,21.72334019
M192,13.65586217,0.158896214,8.185164234,6.711186066,6.33963146,8.92177614,2.747153663,37.83338958,1.544767763,50.05775069,254.7782571,0.560176482,4.805257628,19.58223998,0.94251877,105.4279468,330.7592481,2742.197901,21.83887431,5.119043452,4.634391624,9.176256332,0.88871708,14.12237352,6.104828083,299.7407609,5.308932513,22.78498045,53.43515286,509.3911608,1.904622205,71.90162496,,2549.466769,4748.430826,60.68410771,40.346105,19.91213719,16.10241756,9.232253651,15.51573971
M193,14.27266624,0,11.3195636,2.901967144,11.45074538,22.50125609,1.446302644,89.68936876,2.314469173,28.9390295,1257.959235,0.153130436,5.978842768,10.23874711,3.987876158,220.4663903,504.540844,15774.52896,48.62193501,11.00119154,1.289256231,6.411613654,0.639475988,7.159112317,1.297356848,434.7465557,2.475684933,10.57942538,96.76753896,104.5275316,229.639091,55.79775488,,72.2591653,1771.21797,66.27119255,39.06736419,12.32967932,17.41728269,6.015539654,4.929366442
M194,18.19863919,0,16.17032983,3.491813365,3.045484915,11.98658378,0.419095783,11.91437417,2.344238204,15.732878,72.80946649,1.205068491,11.65616792,28.60985397,2.313534244,296.4947746,266.9643483,378.2281839,20.35158105,2.195396048,0.293035361,7.078300785,1.313628635,13.48406021,0.910160094,309.0344114,41.55734286,34.83359245,51.76988008,1026.839787,303.3351181,48.68399383,,314.0785739,2482.620649,57.02319836,82.40355902,18.07645221,13.92952102,12.05946638,20.43322989
M197,17.59200281,1.086362588,64.60616678,2.791539308,1.925388453,21.01978692,1.222628443,79.48323745,2.866486463,12.5046891,1700.591265,1.319035007,2.219812099,13.27407926,0.831475694,366.9868858,530.9511584,619.9296259,20.04711278,1.060562163,3.600570436,7.850469763,1.531578457,9.898155522,0.945446098,180.4023945,9.567381764,3.739685523,74.46249298,321.0097443,328.9324168,66.01884974,,669.5958434,3033.257806,54.50951993,46.77019535,20.96412986,16.75450716,11.88801767,19.30729037
M198,5.852583023,0.283415501,22.35660039,11.09565708,4.561626727,6.055613719,6.503040363,24.11184283,3.494074912,37.3803316,1942.07974,0.518794477,6.746692844,11.24467227,1.057481984,142.5171941,236.0040894,15.20880301,12.88668866,6.517124413,0,17.88977963,1.729267342,9.111057954,2.423772185,171.1503032,6.987211399,17.06547836,37.59848676,264.282748,85.83743353,128.8079776,,180.0596978,1335.599379,69.75832779,127.7235527,25.10047426,9.500670468,6.826561275,7.593310859
M199,21.6895757,0,69.9051738,0.583154217,1.491936255,4.00568917,0.48953163,13.91239346,3.709138258,25.10131675,29.89640849,1.020830091,3.932486663,27.58680517,3.739722466,309.1051524,588.3093818,262.2977169,10.81989123,1.699368554,0,7.256900759,1.267552157,5.821994492,6.109464817,254.2440386,64.04346194,3.806858936,58.0847193,175.2675433,694.427763,63.14791284,,199.3266246,3261.941529,46.02585789,34.94426015,11.65497265,15.55728424,11.61202547,16.18128292
M2,11.20881914,0,5.146154174,0.797372602,2.494032337,10.8876952,7.532538713,50.38766374,3.398336272,124.5036967,427.2949382,1.067190267,5.360731297,4.261399299,0.631539189,377.1847169,795.4490003,2454.757025,10.98188336,3.240119004,99.86380341,11.7068941,0.52712585,5.781294268,3.283884775,501.4460214,10.60976292,26.47735514,45.11677435,241.699568,112.6177013,99.32020587,,535.0238337,2132.082866,57.52051671,38.5502736,13.93652578,14.84491752,7.718087639,11.13555805
M20,8.299152237,1.218104172,31.13799,0.273984483,4.248238299,5.331746972,1.719982052,46.89048718,2.00671282,11.29906643,3.985512947,0.088935898,2.489005429,2.111237511,1.308816328,7.840201171,58.52760395,35.88211797,9.765911831,0.809354869,0,4.019069615,1.155340812,11.93812561,1.20796916,98.93840246,0.140513984,7.881402472,21.10195848,19.56152679,1.316792343,93.54693478,,84.11044612,1610.567966,61.85384357,16.30948913,9.653352862,9.456007196,3.698390698,5.647288142
M200,17.65802163,0.762885362,99.0405768,0.991429078,2.174110982,2.464132164,0.162833466,21.24490881,3.900277586,14.45624203,426.1967575,0.229050327,7.727377513,35.89443569,1.042667921,1331.837547,1064.820611,1176.039404,61.70120273,1.730080598,0.088295368,9.559629979,1.080570599,10.61364992,4.006333736,191.82446,48.62458156,6.359342674,55.49596412,316.9622156,583.4839365,49.66070191,,346.1566693,2861.995363,52.70222531,46.33955263,27.22709835,12.94375316,11.07469082,26.14115927
M201,19.55472102,0.127136979,235.1789325,1.44571375,1.383410034,3.7369561,0.10854661,47.01815166,2.042101377,9.581938718,254.4145741,0.224105861,5.039820063,13.65056481,0.875768166,319.3047703,426.7648664,51.37048961,17.58646283,2.374422813,1.133029597,6.840588529,1.050467322,5.649838555,4.64121103,192.493416,39.26749897,11.08846281,57.66933372,148.7251432,913.9158851,52.6020543,,212.3633954,2863.623009,70.65045768,24.01283769,20.80890534,21.67579127,8.24410279,20.10280659
M202,15.72682461,1.809558853,116.3125873,6.976600179,2.515979375,20.58445518,1.441962166,57.85090935,2.549607167,12.36522043,2111.675236,2.322778369,2.612935755,13.33087733,0.415497796,254.7577221,477.9155432,135.3155672,21.90552088,0.844887509,0,10.12616509,2.468906435,12.20482406,0.908504033,172.8127034,4.848358412,10.52157874,56.81765203,472.8816621,115.9564989,82.83813389,,418.4053871,3137.833739,53.84747957,91.86684252,20.25384438,15.36214721,11.00196419,14.48043828
M203,20.73495692,0.711823254,29.77543642,1.665125789,2.45275153,1.030041924,1.215476436,8.444566501,2.988745908,11.37337957,945.2640481,0.810754621,3.723518792,37.26548691,0.87169973,362.853704,521.2679197,1078.840825,21.35319641,1.528819383,0,10.37254775,0.995318689,10.53301749,1.144817109,195.3618441,15.943547,2.783786044,54.76228112,142.2243578,685.8225205,77.82324631,,48.27779574,3165.562659,51.56644017,50.81219773,22.30059794,13.52667746,7.085068261,26.7069967
M204,15.70871783,0,76.57783407,6.530375887,4.943678889,10.3813613,1.654400935,48.36502478,2.59139111,26.83213077,373.374612,1.269191673,3.865523121,15.97144942,1.82245638,214.1790449,763.2912276,7547.002156,50.25031663,1.318769842,0.106434164,9.07544137,1.736740818,10.09239016,1.140267319,175.6485606,1.422394412,30.31645939,38.26200578,307.0032786,129.0309209,75.01019439,,1039.413963,2427.632786,58.76290645,50.73550874,11.89873109,11.68827313,9.86339217,9.907201027
M205,22.23607004,0.135997544,91.40631116,2.872015641,2.158076824,47.01552674,2.351258991,94.83332525,3.104178155,12.29967998,1933.148119,0.507109485,4.196134743,33.14741152,1.69145009,635.0206869,472.4900617,16619.13026,131.3635889,1.523942159,1.762900209,5.296788059,1.503999251,7.522344573,1.458155182,325.5833941,8.084314134,11.39693223,63.83537125,656.1229799,158.9672887,70.46954921,,203.1573965,2571.897334,83.35430149,32.95787371,15.56774318,17.94894508,7.918456088,11.75065294
M206,15.12876114,0.832997375,76.60177285,12.0239832,3.722738023,12.1614899,2.412979229,71.3816991,3.655128463,9.32739638,1098.022374,1.194030135,2.48020271,13.70948351,2.869002348,1023.672743,518.8572493,2842.052358,18.88517774,3.055867075,0,8.610262836,1.058865834,11.22340899,1.154390063,194.0011659,3.73323856,9.012152989,41.56944141,389.8555312,136.6145505,74.4648304,,1005.500782,3331.764365,56.27040887,65.25173925,20.95872813,14.06642905,9.700253325,11.93335858
M207,13.60620794,0,95.15360658,1.309527881,1.357517589,5.815146089,0.417866574,29.82516562,2.466314594,9.547254774,187.1441374,0.460642832,2.729629659,25.92522471,2.776448594,240.7082843,588.9095538,141.9063269,10.76155564,0.914069934,0.326549522,8.806153537,1.200370961,11.70520657,1.910913695,190.7099604,27.41034177,14.33315624,44.21456393,144.1689758,375.7497886,58.03271468,,84.65001589,2241.539374,55.1556254,38.91693422,15.88842327,16.00821428,7.876882424,17.42756963
M208,18.02068427,0.218383342,100.5124819,2.589731578,2.128755388,2.032675101,0.233063304,11.76782138,2.846176316,7.241919388,279.2824699,0.296113007,4.417698946,36.45501475,1.504308035,557.3210878,603.0040604,308.3373218,10.63899166,1.503964919,0.176927846,7.698965074,1.152032969,11.02106817,2.327551927,193.7557508,39.87517647,14.67474441,55.23818385,342.1659424,704.1530807,54.6360346,,365.0645396,3066.425276,60.20376923,41.19633263,21.55573167,15.3626403,11.65798538,20.70509659
M209,15.00536514,1.111340167,74.71662461,0.631869568,0.818781777,28.95947612,15.18138418,19.65243309,1.389683599,5.863089888,2096.595516,0.857050468,4.626856626,10.99604641,0.186067203,315.7460117,392.9676787,3687.119055,9.618268285,0.778331214,2.644853178,6.250076951,1.37736464,7.027115609,0.248243825,307.8264495,7.707920354,11.77098505,52.43034655,501.7075248,462.8818795,49.67348012,,137.6665276,1945.502335,43.59806638,46.20566565,14.03281331,16.96754745,7.543564165,15.22531156
M21,4.336607219,0,33.8874417,2.291787761,8.374122165,4.854666446,5.467790823,7.44400235,3.230099767,45.32887402,1127.139784,0,4.343054906,13.78433454,0.976778023,21.9939176,105.808729,105.4783556,9.824367497,7.497055129,0.63916654,7.479166606,1.250609121,9.433941539,1.208403545,157.7434275,0.105781686,41.39694849,23.71200608,168.5007674,0.115089837,111.1296581,,183.9933884,2877.027128,33.33660718,33.44941105,9.338473444,13.28031798,3.947878126,3.647808687
M210,7.316803254,0.202392683,103.0689195,1.249369181,3.945763542,8.381929553,4.017557883,23.84134573,3.421973276,24.86359449,1057.280704,0.425367674,4.921337882,22.42464583,1.510338112,873.6654254,230.1811753,3186.728646,13.8189029,7.488938369,0.614897543,10.04877467,1.299222368,4.305698531,1.072102478,188.1505178,8.67432127,30.40418083,34.20715513,365.2846396,93.44267848,60.4422876,,250.0460614,1360.969087,47.52947904,50.96888612,20.85124118,11.37881591,7.765241811,12.18789126
M212,19.98681697,0,208.3783504,1.328953815,0.436361444,14.7975647,0.487895237,71.32796653,5.390341382,17.77158505,1995.569144,8.123738032,1.155388028,20.13003998,0.23019896,291.4934195,717.5228621,36.56890517,36.99515759,0.533627711,1.072155947,7.785858748,2.21745031,4.493160991,0.921368238,266.031824,146.8198404,29.6484662,92.1015721,4971.745248,148.3583284,73.28387844,,1780.918541,2134.597396,91.97960634,18.46220458,13.40915198,16.11475712,13.84745691,27.22410832
M213,16.31759992,0.210308618,6.312784736,1.400726385,3.575659277,2.496428478,0.35911326,3.748285238,2.31127824,26.47006704,157.7518966,0.142582114,5.543552854,27.85492156,1.146876608,378.2363666,1003.370882,3180.099156,3.104731791,2.160259516,2.896560954,7.529040874,0.668335269,6.661440731,1.852249791,328.7378862,20.63222564,40.43817211,41.53015039,197.7731074,365.1583215,43.79803006,,556.2607257,3955.73458,38.75842785,37.50689828,19.51276358,12.34115538,5.503903192,16.08369852
M214,11.36312386,6.459983687,120.5540952,4.316427281,2.210463431,6.90804079,0.676415086,61.60667509,2.112327349,6.981530586,2593.027002,1.553536211,1.145657484,14.97342899,0.279866917,129.753617,557.3770808,197.2658851,27.54848765,1.565000291,0.049374446,6.701320698,1.069059666,10.0551205,0.497850474,156.7364304,1.78395477,3.745276476,58.48281653,292.0667781,96.09867403,74.72852026,,520.4059391,2631.873451,41.21864672,80.0944425,18.57877459,17.04593798,7.828934809,11.95123572
M215,14.96614255,0.108683088,45.74256621,2.436427211,0.640579617,9.149484915,1.043899935,30.81096771,2.725728107,20.80545361,654.3205403,1.901033005,4.33049953,10.83871828,0.540692176,338.8882481,587.1103556,1859.168438,94.53480422,0.735793845,1.144674492,6.577498933,1.602570939,5.549093253,1.983770389,170.9512124,3.650803511,10.82829653,56.97991989,101.8332515,217.5573386,45.99862838,,151.2278914,1400.21857,44.30897085,50.03549412,13.07400153,10.5861362,9.631991855,14.22349709
M216,18.87329583,0.546920957,59.71831227,2.976334616,4.339407199,13.90138349,3.998246136,28.02450675,3.005313144,18.34281884,1370.348807,2.428699842,3.464397145,14.22516359,0.287787565,116.8644527,681.325027,16.83440007,10.37515783,1.979030304,0,7.48299956,1.303536329,14.02686457,2.548066886,165.5585792,7.455330797,5.516975591,78.19932419,305.9610154,132.9227103,87.45280147,,1160.052098,3058.553827,60.21882625,74.8158276,17.95816923,20.40945284,11.46400887,24.26501582
M217,8.619007529,0,185.1505113,3.630238216,2.835070571,14.09199831,11.68400919,33.7426598,4.087457422,22.25052364,2896.610723,0.486488151,2.59734324,23.51913349,0.745357472,161.3611158,285.6313851,2877.337247,7.823909352,2.297384368,0,6.444832214,1.550638316,4.870444575,0.981343172,184.2433586,6.647072299,19.53564501,27.30230218,564.6640397,98.1300679,66.29536058,,111.3095788,2419.820661,49.79441082,69.0937965,17.37514477,14.09118036,2.877514811,4.651854951
M218,14.07162623,0.533261137,51.82408615,1.515969161,2.417729591,15.85508019,2.077242448,83.68149768,2.347959032,13.46375631,1771.37342,2.639190713,1.934103474,16.58638887,0.357127049,329.2877147,373.8141904,2428.673652,21.84590001,1.18265949,1.026077655,5.863741014,0.999837122,9.674412909,0.646631615,204.3955964,10.56382558,3.930942444,69.54644644,244.1023617,304.913852,67.28678071,,728.3119872,2497.715898,48.40448118,72.88552309,17.4828754,17.57620272,11.12866049,20.32349272
M219,12.4618003,0.37729482,149.4922521,3.963452893,7.070482703,28.61568863,4.402382981,45.70520789,5.528594538,45.68652507,2710.012742,1.176648251,6.270336196,35.48299372,0.409094155,421.9947132,235.9391362,1857.749297,32.73248062,11.18615272,1.120802147,9.743720974,1.214983785,6.064514736,1.605288084,423.0228123,13.45838348,9.563542856,50.0709256,638.7962504,243.6938041,74.91757169,,504.4937358,2176.95032,64.00481359,48.32246877,20.81165113,14.901481,13.36578661,24.76496687
M221,21.70230154,0,61.71209399,10.07419165,1.735603839,19.08027917,6.945221832,57.21145877,2.175441881,5.577904194,149.5341048,1.669655393,1.616570535,25.65116484,2.221865237,87.66786503,651.3915404,9375.632576,210.8507156,0.744728109,0.051690203,6.340840267,1.751792303,8.385185075,0.684075822,169.6400026,4.669064271,18.09967983,78.24628049,1173.906282,220.2781085,62.88958531,,553.9870714,2303.173907,71.94444259,42.41284784,10.07102895,15.29864118,6.100170884,13.31314567
M222,18.32662943,0.79016867,14.70462273,9.02192583,3.377796592,9.851714703,11.97464205,8.801878858,2.512924335,13.1015895,1558.086113,1.874976506,3.090779177,24.52739849,0.77756917,102.0885624,563.3377069,204.8883754,5.199282076,1.23855645,2.880772758,8.764498059,1.262704536,13.74153651,1.383204502,164.8611416,6.121088489,7.392602554,75.54557431,179.1538513,388.3048965,67.86791181,,309.7628555,3116.446591,67.20793248,67.9584644,18.54363233,16.96062074,12.12109096,22.78824963
M224,18.56087918,0,10.86031473,1.299507381,1.813444059,37.5966909,1.333953782,31.32741008,3.698334993,12.05807175,1356.62481,0.288119923,6.538344081,18.71017831,0.861001008,153.9371529,270.3388556,18014.23377,71.89064183,1.546530338,0.354430526,4.417047191,0.57198705,6.056846326,0.925353733,251.1001935,5.855660487,31.77338107,53.98154679,183.0739081,1.42074581,43.85399328,,121.9387855,2231.589776,65.22317676,65.35578909,14.38337333,15.65331658,10.49525035,13.39534687
M225,11.92637146,0.118980177,15.63735663,3.710976646,10.78878147,11.94428988,5.1299173,58.51414961,2.464293904,16.67896335,339.0948846,1.597157624,3.865566479,20.91053897,0.819580988,516.0498957,539.8107009,2939.70449,41.0839177,3.888649732,6.651205731,5.163315969,1.149437876,8.80288944,1.002332793,317.9767301,17.00023119,29.35856839,41.7005005,231.5230912,170.1071107,62.35763277,,174.8703269,3236.577547,61.55131727,58.10834454,19.01986433,15.06751635,9.392394261,11.22034455
M226,20.5040836,0.167112799,49.32043435,4.452110595,1.894163714,3.891792645,1.355431875,11.58789761,1.483374541,9.068254707,337.1939046,0.543824701,3.585423204,20.66032964,1.311017036,130.1060921,647.7986268,189.6909419,31.97287824,0.546177656,0.406169818,6.943500351,1.465737184,11.13948522,2.175721377,193.7638182,57.08761536,4.512550776,63.82210657,166.9875388,841.4447493,62.53166344,,159.0037097,2223.754204,58.49754706,46.4165008,25.03619226,13.55276154,11.1640572,27.23627183
M227,4.770052641,0.042008893,25.63161128,0.504992979,0.857080357,1.456399662,0.591792637,5.685558016,0.769458405,11.90448419,11.75673995,0.1082263,0.71246042,0.576152501,0.393869256,1.757508237,46.5160501,7.237342279,4.986138126,0.058842168,0,2.496537217,0.752935288,3.882614704,0.841849162,137.315504,0.264587302,7.223441135,20.16861436,8.849344357,0.442770537,49.00215075,,53.04619482,1030.370283,26.71504846,9.606819256,8.849861272,8.348970329,5.108210048,5.893494919
M228,7.837094219,0.502027578,73.66106082,7.380546787,2.958957442,15.10615723,12.00134673,48.54733774,1.962868119,34.80942932,2509.648133,0.519045462,4.487940035,18.51657824,0.912569492,279.1937494,264.1426595,4919.160014,15.10053075,2.314679452,0.203364087,7.59567543,2.329258783,6.615744851,1.986472986,588.8794615,7.716669681,31.94291697,45.33309029,865.7807145,191.4995481,73.62204343,,117.291024,1693.081222,26.75633878,100.9494207,22.15522662,16.28214268,4.430736363,9.75090333
M23,21.78167228,0,27.24238231,0.753882215,2.235567795,0.776034423,5.602786793,12.19673726,2.697215372,14.42768222,689.3373556,0.226139773,4.622821746,31.000169,0.30524502,234.0186264,650.1026748,133.8098775,14.68697215,1.320389081,0.117494576,11.0410906,1.05078362,21.97381513,1.499407053,282.5808448,6.002451892,16.11451723,38.94055691,797.0706488,628.4423519,102.0507538,,626.6189129,5714.740168,59.81807232,50.72091026,16.6593059,17.40769537,5.439743233,11.12036184
M230,14.28597622,0,24.45180901,1.299352323,1.489437021,7.007917918,1.28044283,20.16647841,1.529468962,2.152970175,27.17767991,0.193670954,2.188916492,1.679097604,0.655922493,61.11000596,390.2332552,7030.103796,21.99266429,0.400132607,0.636452341,3.860521175,0.562840724,9.824847241,0.783950005,290.4470477,4.969274318,5.585861953,51.11525771,59.26670133,74.35702161,41.12984084,,25.85782953,1914.194475,55.91442395,54.74800369,6.97031698,12.68778663,4.639682144,4.8901831
M231,14.7724142,6.146479868,1.489907014,0.040754237,141.4974297,0.586142988,0.053548186,114.1235066,13.04329462,236.7261358,1697.485452,0.195598806,66.46213885,21.2099358,5.808453477,119.348991,65.6389542,6642.642611,17.68482533,70.07599345,0.762198919,15.44628514,1.195883708,13.84693217,22.36764102,167.4683477,0.15048695,388.7121292,51.68493169,30.21165559,0.9332547,81.57016286,,20.86762999,1321.516903,131.4377788,69.10170753,26.87908872,21.87985484,15.14545943,21.28271837
M232,9.737679611,0.23814586,66.25692324,0.193430709,3.886989152,7.90624831,1.270771395,40.81940623,2.818531424,22.25595438,790.4002161,1.10596552,3.746926505,10.24178691,0.432893841,170.7756009,299.6864184,1418.210077,8.80679295,2.168222389,5.064645188,9.555083424,1.619549106,5.854403831,3.070137346,221.6315992,3.485550055,39.9883457,31.19628648,441.3013631,189.0896239,66.22126826,,350.8648064,2258.520628,50.83839279,49.55462187,17.33687369,14.05835799,9.195374642,14.37709688
M233,17.77281132,1.801177241,37.920607,13.12503416,3.79148693,15.05848816,15.76248524,17.77074688,1.649568543,35.10091895,215.1275908,0.802461531,3.785579057,22.58575431,0.763141154,160.5500709,377.5788724,2898.876062,12.44046846,2.61302671,11.62197573,14.03897232,0.752286986,14.90152775,2.430432282,208.14025,5.89603747,6.588787421,47.27158614,304.4021725,12.92206691,62.84844045,,575.6004867,3555.231791,50.08514921,40.58875306,19.45553282,11.31996332,10.10886234,14.56975074
M234,20.39642669,1.742068919,40.44139851,13.58372727,1.925208402,18.14327124,18.73116446,15.88810957,1.518731858,15.26299616,241.2294407,0.915324347,3.648636606,21.46058247,0.562501752,179.7144055,497.4658713,2836.278021,14.81983234,2.00802272,20.81776177,13.5991521,0.858092965,13.61467638,1.709400614,258.2646126,6.602903749,6.049110491,54.46518404,386.8276932,13.88346325,72.95547484,,859.8302243,3405.535806,56.49934985,41.55731153,23.00280657,12.82424008,11.91825427,14.85575912
M235,16.71075952,0.69599971,86.60679243,7.87673933,1.209632469,11.35660342,1.832204364,114.4200029,2.909232089,26.05287004,1022.946902,1.509965472,3.081360944,9.545644873,0.976619183,172.0933757,378.6666145,699.5469841,35.8763998,0.541606646,0,9.68822997,1.813678154,11.26953329,1.910033186,180.0057044,3.499969456,25.52684726,53.00397789,553.6788744,98.2419702,92.27180397,,1158.590884,1828.052643,59.37117523,79.6093255,16.12069051,13.41837469,12.79723531,12.20830186
M24,20.39269755,0,52.06840382,1.54687337,1.895391023,4.901150686,7.262406145,57.91881963,3.321430152,27.30641097,2049.751663,0.637707501,2.562675965,29.82836121,1.93313661,473.039367,150.328779,638.6067176,5.057286561,2.033227485,10.30194739,8.324342642,0.531408296,17.95198911,0.993108558,218.4247487,6.958769905,28.90653471,38.26143203,1373.261658,53.80609037,160.8124878,,137.50159,2999.165589,65.94420879,63.21895069,7.369454599,13.80833013,3.160074633,5.199154218
M25,12.49386951,9.567998398,28.60974567,5.217990688,3.176030872,6.998647442,7.658377096,60.21307491,2.262879768,28.20062171,569.2973664,2.606294963,6.388892341,15.71689813,1.91250993,557.1311441,996.2329441,1618.660664,12.23324927,1.655302401,215.7675921,15.64665,2.432475037,9.813990683,2.638832546,221.122804,9.305878473,13.81446057,65.32633389,333.3166253,1.112271789,107.3542937,,331.7562166,2275.106781,63.42098249,47.37741091,16.33276666,12.52361336,7.853806061,10.85997187
M26,12.88102389,0,111.1820382,5.385963827,12.68169628,4.121741948,0.255347579,30.47551255,3.756422871,61.22504185,5856.550568,0.729957959,9.126106656,28.88620646,3.008513135,281.940502,322.3800853,5603.318933,14.06149047,5.306365261,0.276921067,17.35794226,1.643808507,11.98462285,2.719525034,529.1803822,5.108668449,96.50609261,43.44704176,632.1272963,14.56347669,137.0257539,,417.545401,3158.608097,62.29114419,70.61044978,14.79266176,17.56737851,7.108724448,14.53000264
M27,11.08135598,0.221665489,60.49841841,0.912226754,19.29599174,15.60922814,17.75822709,5.823161762,2.935800207,51.56669733,959.6458227,0.145272298,10.93092234,11.17615213,1.78140284,65.49568331,484.4433316,2157.934187,3.337838162,15.95565891,2.75366651,16.61548771,1.1176893,8.750257957,1.216633959,317.5859392,0.06205022,65.72735445,35.04607825,163.4577278,1.175803791,102.2925504,,32.75990206,1666.585992,57.99992187,47.59611163,11.69291479,15.49486954,7.345367377,11.4886001
M28,16.24497924,1.586323288,64.63186872,20.46518797,41.71454251,14.63570849,1.410798027,53.93164511,7.236057943,68.24683672,1445.404902,0.887265568,23.55419965,22.05430015,1.618844722,70.27659063,257.2401217,1406.055349,16.61736372,11.958545,0.615821688,34.14298603,1.966045742,36.9971659,3.349379513,123.771007,0.364759613,17.56092384,22.93604671,142.7281925,10.75034723,239.0126064,,124.9580131,2446.783089,65.81190364,143.9938074,13.30049847,15.56100137,18.60236579,17.48111916
M29,10.54432061,0,19.34950085,1.984790314,5.477943354,4.941836476,16.83527662,25.78337131,2.773500828,36.8335638,1632.824389,1.187291692,4.660263077,20.72026814,3.298968932,184.3199711,789.2248871,7122.030915,3.607441222,5.22925553,2.529672249,8.592007254,1.622127156,14.95381337,3.58693477,266.3517493,1.107483102,38.55440183,44.17881918,487.7283965,41.38272266,148.9048149,,98.20499931,2742.662744,83.18673072,64.73041596,21.56532265,11.48678524,8.320426361,8.965803944
M3,16.89437826,0.358850619,57.30920096,2.156889058,1.301581833,4.503077677,15.05083656,28.93062775,2.831406897,56.25466408,422.0789358,0.766358949,2.163102647,8.858953448,2.71222404,382.950859,478.731012,1705.118133,43.67886848,3.35096485,0,6.34058531,1.550921866,4.538097083,2.084099699,489.0086212,0.882543291,20.21545244,40.38183138,1034.01198,96.85547558,93.18533329,,189.0872345,1700.355466,40.12197403,37.62645824,17.15182728,20.02379903,8.247661148,8.523902041
M33,7.274068537,0,3.05988707,9.071898771,12.92834661,3.762321148,1.327939036,39.25082992,2.786289808,41.64230825,1039.626582,0.8787402,9.927953142,11.84139313,0.850316257,222.4966082,647.2033746,2889.79574,2.984998607,17.84392317,0.030002756,12.66394587,0.706111089,8.981277847,1.881312483,201.2646106,3.078833207,36.16065806,40.84723824,501.592381,17.61801969,141.2963232,,99.6019766,2953.500792,48.47391533,76.66509878,8.448557025,20.73700688,4.993361331,5.566731503
M34,7.99444151,0,202.4169225,1.421059357,8.906411169,1.434260922,10.82631923,54.32079528,19.99090493,69.05272341,915.4111234,0.978049449,14.50367735,10.67459748,1.365503124,323.4418192,161.5802875,8027.590586,6.751624232,17.48400745,0.031084341,19.02050227,1.931334402,8.887863266,10.01011978,242.9177387,2.536209027,27.17526356,34.08474524,426.8503106,5.613911309,120.1350979,,271.9455198,2007.789553,60.84577118,35.4161686,23.59336641,14.9593842,10.26208417,12.08668714
M36,4.742905627,0,17.07077771,1.964000641,14.66872225,1.013863493,0.745090694,26.6503427,4.51054792,89.96434285,369.1408436,0.340565686,8.872632357,7.389972093,0.635360586,113.1499677,118.9392875,4706.527408,1.897950425,15.62282704,2.345289699,12.87832065,1.612591878,11.04891271,2.043111843,53.53673723,1.368718548,40.24703925,11.15939805,136.9958296,12.9504844,140.1994923,,100.3972384,2080.641189,31.59157769,51.71138463,8.668991849,9.023073907,3.830211886,5.157318876
M37,21.39769684,0,7.400752338,1.950933142,23.34291185,3.561858631,0.296688454,46.8069118,14.90787007,175.9977206,785.8127817,1.172315806,29.82270089,10.75205752,0.425550406,479.544473,134.6609279,4640.349388,11.13840792,20.76789196,0.022522829,26.7373662,1.915326621,9.975262395,6.259479644,315.8374009,6.510202932,113.1207001,36.67886815,144.0376711,39.21749423,132.0212158,,372.1779128,2704.218027,103.3128163,57.32022719,30.88503981,8.252441253,21.76160928,32.71031774
M38,4.979265653,0.170551465,149.5636504,6.898698831,2.126453747,3.425580436,19.36651484,41.22595928,3.748699364,37.53356425,306.6969735,1.040653009,3.833447798,9.506833783,2.61071947,237.49922,395.4756136,7041.903951,2.643697583,1.174555797,0.207263771,20.9370206,1.799412984,11.12681425,1.26263215,133.2017338,8.204805396,28.5323378,25.52802572,338.4333236,7.895338873,138.9365096,,391.0210869,2232.486416,44.01639268,31.54159661,22.21187259,13.69979162,6.8780795,8.689711212
M4,9.60390656,0.48221578,109.4587913,1.253354096,4.634950186,7.690216789,6.813712319,71.44118346,1.413205478,41.43122467,1323.62418,0.55577412,3.093944221,15.98600528,0.756606445,207.7633257,349.5563624,890.3232159,7.503243644,2.138903547,121.1490091,8.249149007,1.213679206,11.0109514,0.369305745,348.2748841,2.724775857,4.100956077,60.94076751,261.9030733,116.1205798,73.32024884,,146.6833228,1849.624643,53.02112159,29.35476484,18.63228953,14.49076758,4.17313042,7.258420613
M40,22.43909687,0.169912578,65.9080849,7.369689236,2.811811392,2.266628251,2.756281104,11.56911087,2.693262049,5.762614198,727.2106765,1.462976098,8.454071351,15.44691246,2.942313031,44.65064549,72.54573169,5067.294761,10.56026084,0.793326035,0.20648736,10.23318878,1.933062375,35.06275803,2.244705003,161.9425959,0.142689504,23.23082212,75.94037621,368.9301359,301.5501727,210.6652665,,3297.111571,2357.953769,111.5974096,79.93510007,6.773385273,18.1979628,4.373817551,7.254458697
M41,6.568164578,0.697836978,117.752604,2.720680874,4.956765499,10.37853207,1.315718506,40.29198819,4.834207668,35.7638605,567.3779217,0.52830596,10.55181362,39.49112134,1.713595129,303.3934508,149.6427392,1209.899695,11.16048593,6.380677165,0.518253327,13.12095805,1.729760168,11.13432906,1.425172244,162.956726,14.65774769,5.811948277,35.32258274,235.3461888,55.88470808,102.9584375,,713.2650019,1690.755264,43.59315409,42.91138024,25.36601771,16.55977551,8.140567363,12.9473928
M43,14.33016558,0,2.030780959,0.626761043,36.53287783,8.421563751,1.61536558,53.59840043,4.934337205,78.73546986,2261.360208,1.056363878,13.82682669,14.53732308,1.164165932,102.6308887,736.9920019,72.66558171,23.96627868,41.22488057,2.88538777,9.753075266,0.735661745,10.20740985,2.613898649,638.0516634,7.067653134,49.28255073,41.00586015,95.28461508,149.4445137,82.11700677,,74.28281942,2619.859503,74.21029094,51.83068419,9.119214429,19.52245289,6.25735139,11.12320359
M44,13.42479801,0,154.2541182,3.319018278,3.611111319,6.420396615,1.958734209,49.59240144,2.342000833,14.61553701,1431.386071,0.768890567,3.591060391,5.614504396,0.463829167,251.1589819,879.9336255,558.0534477,232.7352804,4.32509063,0.070139383,11.21281699,0.748327099,12.85142252,1.326049995,256.1431903,14.57173906,9.619697619,62.854193,83.79250506,159.4869632,72.90545955,,328.4477299,1728.862219,84.99672338,38.85478456,20.8808418,18.34969587,8.022743202,9.716434365
M45,15.53582608,0,1.450313155,0.465925633,11.9201975,0.990757035,3.009950625,9.229764922,6.420935501,84.54460036,340.7984786,1.571819558,14.35858747,6.774693069,3.338570875,56.84622349,285.5027729,2568.747245,4.681141957,11.60599798,2.969177993,5.885019988,1.92421069,7.589498276,1.718627746,492.3791955,3.770658353,10.1386169,21.88871886,82.91929924,334.9531144,94.22627893,,79.8234043,2197.544545,156.255683,64.41421877,17.77606037,22.27300294,5.56663074,8.239661398
M46,11.83405224,0.626590191,94.32419259,3.338641744,2.670417941,16.92517212,7.917529388,36.08524979,3.40777926,23.23433226,2939.930699,1.155474793,5.531064869,12.71866481,0.839259755,367.3700728,273.3383822,128.5591283,22.62596257,3.247377279,0.152293556,10.95034664,2.134595985,6.428055565,1.903504657,236.890944,18.28917678,12.09670565,55.7734411,256.8040146,238.9948127,90.71180529,,69.38198729,1888.407357,62.36171286,62.01585378,34.62994162,14.81330125,13.7023255,30.0084085
M47,5.561855269,0,11.17912621,0.308840501,79.81012746,5.933337627,36.77974579,7.965678374,11.46966268,167.904988,2457.047528,0.017576339,15.04458429,13.42673897,16.75033106,13.24701992,70.40777151,3378.841507,4.949917141,48.80128229,1.540275992,8.682741761,1.02159659,11.47999768,2.128873654,439.6651816,0.010367347,186.1183561,22.54053341,343.6353791,1.928813516,41.73630338,,45.89302369,1994.442459,67.87191154,76.08886935,17.99689895,13.70094601,6.726493816,8.700965999
M48,8.281229491,0.368447309,130.9868536,1.875401984,2.839828424,8.86749892,20.36852303,54.34675538,3.876169066,61.46157915,2165.584462,0.3497127,4.893619056,22.59528904,3.17250758,287.2570054,193.2412268,132.5736876,12.3653248,5.676955706,0,12.37083261,0.764975483,6.473889733,0.423263962,312.8240809,42.61828396,167.5352315,61.09872788,915.8793033,162.9507875,112.4130216,,2053.858271,1710.521611,60.79634698,64.64367424,22.34611707,18.79854712,9.168267263,12.60217432
M49,8.884799344,0.103315466,47.33826015,0.302099654,5.480484981,0.568420457,0.815927269,9.206846585,2.867689484,19.77791729,457.5033582,0.126079891,5.531055842,24.61484404,0.553526141,109.0721876,565.4290291,824.1218699,6.344913255,2.050125491,31.72350979,4.145307819,0.709179872,13.89581123,1.081365689,175.2720264,15.61104471,6.541670161,30.62911679,400.8637968,320.8948332,68.61438382,,154.1414568,2736.659154,46.41500746,44.79036016,11.8680975,13.66460976,4.153890275,7.032609695
M5,6.307226576,0.194835602,47.96892277,2.067833271,2.473398776,4.385676307,12.3373378,40.63925388,2.214435264,43.75886851,260.1567036,1.395771434,2.654107277,9.161735197,0.807746689,279.9446455,300.863758,1947.471217,11.66822142,1.652607591,125.7802616,3.761488211,1.048450877,5.634033552,1.01134723,265.6148612,4.444993903,16.56959976,22.01911046,157.2775457,106.6773512,67.7417367,,178.9525724,2088.790367,31.49080812,41.79008923,15.11646483,17.48067159,3.932691241,5.743058114
M51,21.34128172,0.149679974,10.3578458,3.987676595,2.714510217,4.399565682,0.862604754,28.63624203,2.80489041,23.68996906,242.9163745,0.456650767,6.575723915,12.34650306,6.615923022,128.0305417,300.7082894,22477.33167,285.3589507,3.214753712,0.363799111,9.134013705,1.750446443,8.739104886,1.012588433,503.9742123,5.521756801,9.663182222,47.8862365,192.4678874,146.9657142,106.5700907,,96.16514562,2968.317714,90.59148136,39.98075077,17.91553144,19.29191345,6.678530589,7.95985038
M52,15.84528647,1.899745114,43.07752341,7.013826897,4.071681382,6.787947346,1.253331496,31.69448177,2.725343402,19.78462122,2052.752083,0.930845834,3.38778076,18.55997803,0.54525714,227.8807096,374.6155493,624.7123168,20.24371307,1.572401464,0.349799626,7.625212401,2.03068091,15.88029454,0.936882174,159.3428317,6.619755825,28.22241431,44.0466922,900.0281339,159.1145946,107.7633669,,3349.33034,2754.593074,70.57225556,80.7686724,15.52084739,17.80512556,8.097480831,10.52253032
M53,16.05876238,1.152537361,19.32509008,5.429569465,4.115033418,7.969711242,2.244772178,17.6929074,2.699710684,16.06971749,5907.071776,0.742312198,3.090976745,54.39323825,1.212920867,660.5048108,284.0991146,537.7467902,34.66727053,2.690612737,12.13878016,6.046423745,1.007221569,12.36169293,0.882672624,154.4071223,6.152951337,68.05700208,42.85650562,1453.287674,183.6439781,68.04065488,,2325.797625,3484.577952,47.34245923,51.28646899,11.94908953,11.17754365,4.591496013,8.536951121
M54,33.39410437,2.06847068,18.34507849,3.330954986,10.47906292,8.960546324,14.47362328,13.79967066,2.863719859,38.63473075,631.1225282,1.152368337,8.728840465,16.65142925,3.166315027,148.766119,226.7352808,357.261413,19.49012428,11.94620549,0.473599867,12.94640557,1.463284611,10.07641801,1.549703794,281.9059224,7.417587749,77.59959698,50.1717332,79.38596275,73.21074316,104.940392,,241.8828181,2881.269063,71.10267174,90.5507869,17.26629527,21.13489418,6.945090683,6.868703701
M55,16.22044579,0,3.721803096,3.29789237,7.915718424,9.272102407,0.722199576,43.30603809,4.09988669,39.5772908,1234.11844,1.449765972,12.55538693,7.212733969,0.466144008,364.3745737,984.5430137,1974.543373,27.57267751,15.19756792,0.603076223,19.2900819,0.877405422,5.470603595,7.929374238,373.7594787,11.86912406,24.61634602,61.97920388,335.068559,75.18468787,89.66991942,,104.5275248,1633.064929,62.78285579,44.54652902,26.28324887,16.22647324,14.8481282,24.60816282
M56,22.3040822,0.347583723,65.73003926,13.41020536,2.79721327,19.39185469,2.003122829,9.364961455,6.354294754,15.58683355,409.8817072,1.849852358,8.061144492,10.87923787,0.199524142,91.31173181,1106.534608,108.3343329,9.839246099,2.414029552,0.492803929,17.69513118,3.678247729,7.086386499,3.85986467,208.6105075,4.7432858,7.443919335,99.44610035,63.56522748,578.7441579,72.86759458,,342.0661325,1790.365008,67.31677939,61.10386025,34.62269304,18.74779046,20.51500185,44.42369183
M57,8.879858053,0.093870915,41.24145284,0.457472183,0.553276465,3.813303036,0.520941296,4.888417037,3.028775574,11.17814248,114.8362802,0.509130389,7.212076273,6.584340085,1.724316769,333.2015714,502.6411816,357.312628,3.991081169,0.504028472,0.076051491,27.77497806,3.150157603,7.011717922,1.186204705,451.1270814,25.83407544,3.729358718,82.64460129,49.77895319,262.6351586,69.58245898,,141.2519062,973.6037639,63.44832279,27.83310265,30.74714188,21.0442771,13.46271812,15.51790578
M58,6.644035692,0,118.3065142,9.053786445,4.088961031,8.049655334,19.70416047,34.34324604,4.668780808,60.94520831,245.3767598,1.106086341,12.07160848,18.54386361,1.493002945,228.9643635,1073.989018,5103.418734,4.0839916,3.240946948,0.082097863,18.04094956,2.009449398,2.443214775,1.151167645,1064.610594,5.111985703,51.14095706,36.32299653,294.6427345,22.24062521,105.7375145,,95.08191645,2087.294104,26.43140071,66.77656563,33.76146608,25.2098761,11.06747923,28.81240358
M59,7.186109567,0,283.2943605,6.792449809,2.975891982,29.0094479,1.885277291,68.89484806,4.681109158,91.97521798,353.1070036,1.318510444,7.401390003,4.69952797,0.232578935,363.8067878,367.443315,5521.42362,19.12845248,10.21537453,0.361080241,6.291723606,1.225768952,2.758246944,5.388842253,372.1898434,3.509457696,11.31800817,48.41050335,74.56906589,2.913941995,43.17487425,,151.4577647,1206.829046,62.23536952,32.50456469,29.94345529,16.85653628,12.72416584,26.39746947
M6,7.6926563,4.81349961,109.0908124,13.10899093,2.984714314,5.270969144,2.598752143,33.39342953,4.198891794,100.511193,246.8198681,0.743860857,4.686390259,25.72729445,0.311526238,204.3649538,1743.24445,45.0293359,10.11566423,2.18133386,10.52361081,4.812830839,0.818824301,5.421298734,2.313051956,203.1179184,21.99481175,19.51003869,32.79574952,219.9156836,37.93340662,53.73114999,,516.4885658,2034.064215,32.27290387,36.40638198,20.4281263,11.07361612,5.518550003,11.14972934
M60,9.157275814,0,103.4669917,2.975408069,1.465461043,29.28008828,4.23526554,34.67975623,4.503545371,55.48803418,242.8177045,1.186988678,8.274122389,10.00954708,0.515394769,511.2087738,254.627862,192.4189684,14.77902802,5.114344673,0.800153579,15.31409156,1.791847068,2.992467201,2.45251207,357.4769771,27.3916884,34.77856891,60.89469167,247.9734013,8.739612839,68.36500535,,556.5677778,1846.502168,70.34812768,31.21442626,40.22752318,15.78714387,15.78225205,40.6894546
M61,19.95352749,0,120.4699932,2.170972985,1.12386974,8.122726896,0.230040729,16.02718305,2.581486337,14.94581749,37.80950272,0.526090945,8.25834518,19.4903764,0.680532791,510.1466703,481.3063532,281.6022364,8.43263378,1.308337759,0.26194993,16.03956687,2.301584555,8.483418361,3.63176444,314.569737,75.67113182,7.593453613,62.51355018,229.6777031,442.1504193,60.79096099,,588.3808894,1613.723692,93.55960544,43.53085732,26.14610631,15.04221773,16.67230104,25.85139311
M62,9.074891948,0.075754781,19.12043473,0.541470881,7.315726176,15.8892996,5.513772095,43.24734962,3.041973774,45.56112499,117.1399904,1.04772714,6.965687288,13.78871945,0.333390061,559.9050597,395.535777,757.0882215,30.89996242,4.969498318,3.068716247,12.25336334,1.396289111,7.27013342,2.127287176,278.8521315,21.13918376,14.67194779,41.81193706,375.9345606,117.2155369,65.86229617,,168.3929728,1483.811965,68.0335402,39.08422941,20.61432315,13.92707974,9.527374694,16.85861943
M63,6.969161462,0,7.146213304,1.081180264,34.29940937,22.49726243,0.307795462,26.28812584,8.799204866,293.9441646,1812.034206,0.473786852,21.60074795,51.20447721,0.636752261,140.709779,186.5337474,4154.972748,16.71965213,37.7043998,0.089869258,20.74498916,2.749580184,3.828191301,4.998072775,661.8414137,2.834539647,287.4842705,59.42512437,72.90108419,4.057654295,94.86134933,,230.1669394,2773.432987,82.81603571,51.3506458,21.63084291,26.91023797,9.042155239,22.69696293
M64,9.836729525,0.099935553,137.7946089,0.941586877,3.035726307,23.89855227,2.239719878,60.66973571,3.858079226,55.43439796,371.7786992,2.025812227,8.821555686,5.423728777,0.344197167,324.0898318,373.9231563,4319.907299,15.75644698,4.22274422,0.161929769,12.21363523,1.257628923,3.023683224,3.354819533,422.0887982,5.299205313,20.53388597,59.93445257,96.48952406,164.4820737,69.80874845,,94.10827221,1746.102342,68.82113547,34.88211424,35.18209314,18.82205724,12.8012432,44.97573159
M65,12.35394195,0,69.02781323,2.601039574,10.34273262,1.602507558,5.310114189,4.434952268,5.542917199,252.5084783,44.91067318,0.747032646,10.34285346,28.74017428,10.55831045,43.78016434,151.3484491,733.4742581,3.011875376,3.114938752,11.08907799,13.0714495,1.685154232,8.993944479,1.329536905,291.769563,0.268511838,216.4211934,52.82401269,434.3000719,19.26714608,61.56291721,,470.7688528,4988.197912,70.86421717,45.36972024,14.97129135,12.5954774,8.336131589,11.76292926
M67,17.16285386,0.216465306,84.74811802,11.28770667,1.864703095,34.03989323,1.917435577,82.22393537,1.951950644,13.05148075,194.9417894,0.498970874,3.09619106,14.12312189,0.393483631,583.5567732,542.6282571,12519.50188,59.40660155,0.63167617,3.419791213,10.31140192,1.981153372,7.444878136,0.607861132,316.8272561,8.329586089,18.37548313,70.61620776,271.4256092,133.2233328,74.74836122,,350.2484476,1634.75769,131.9214216,33.36905955,14.82389793,15.9883369,10.09621984,11.56625243
M68,16.20988733,2.522802507,118.8397822,38.95094144,7.509312134,16.14504137,4.776062162,9.285912584,3.415452505,19.509625,759.3417378,2.55812546,5.625622066,14.22694269,0.335807326,811.3804047,632.427718,2431.691688,81.43368226,2.970363423,0.93308541,14.42739641,1.031773668,10.13767761,1.470070327,270.530963,9.810056814,31.15083185,49.29336724,298.8517489,150.0427793,91.7624335,,984.0321082,3152.14835,65.86216583,60.09455373,19.67100799,12.21020262,11.18650915,15.53261195
M69,7.137201975,0,17.95171298,0.541353539,25.87420223,3.566468906,0.053347521,1.786466678,12.53661869,93.43143895,2194.449164,0.242876245,16.88735724,18.86968343,2.837549023,117.0092301,78.11826318,3045.014951,14.67290375,74.89939423,0,6.084030859,0.963712074,4.962670568,4.75345649,324.9244129,0.389799851,38.73589146,39.99847472,84.6647635,19.04280997,84.13148464,,52.5536754,1911.957583,73.74681071,80.54795507,28.10849707,17.52962708,14.64446784,19.39280064
M7,13.97384373,0,13.73755905,0.819993473,10.06974516,6.733684733,6.011967111,60.38900499,3.143553384,20.54344495,464.9397563,0.889773238,3.589373638,27.61287332,1.777176658,467.3032056,660.4151265,4586.295584,42.11794611,3.959437304,7.320280526,5.321709963,0.551815335,10.52380755,0.966457288,386.7044514,9.119928648,26.97890354,42.67891744,176.4436373,174.5264497,77.94835484,,258.7970744,3396.157576,65.75097352,53.39439259,16.96966244,17.70862593,6.113230827,12.03611625
M70,19.2544139,0.094443332,197.295697,2.055836079,11.0901867,5.765511219,0.5845931,71.59043677,6.360624491,95.23770383,945.5866097,1.773613764,23.0418339,10.86194446,1.843258474,175.3955997,484.3565413,16.45206166,19.10112244,36.66567902,0,9.655663901,1.152497089,6.719610468,6.811035502,177.6415767,52.69702502,20.13822437,52.15421337,347.1243095,451.9817493,71.31425716,,2306.905377,2759.802633,64.62854921,121.8483646,16.00786769,20.05755711,11.4609953,18.14765589
M71,13.27296211,0,46.58930613,0.311064933,1.736346751,7.347092614,2.712396853,40.74546642,2.612138216,23.61565483,255.0172581,1.044473046,2.507705408,11.20416601,0.516288499,342.0954031,289.9470987,1891.779317,26.10999051,1.544278995,0.211550437,9.256699296,1.250235241,5.616747989,0.944339837,312.9497782,9.512678619,11.23834753,44.00653071,296.4431557,66.15992694,76.87831332,,43.24246043,1788.875337,55.5407546,33.52360781,21.2204415,14.93736269,9.762317382,18.64696973
M72,12.85441938,0.262306211,105.8503236,1.505586004,5.985935861,18.18111533,3.807166524,37.0349808,3.708125077,34.66207562,1685.241995,0.729122351,5.877932999,15.58930979,0.317874498,1120.204703,896.1094359,4969.204474,65.61066651,8.144349404,0.460444573,10.86940895,0.622404393,9.300496524,1.941913867,211.0991949,15.50351634,31.37171716,51.3360391,503.7173928,1.427518394,64.74292217,,1976.450272,3370.266171,57.85751422,53.50941582,18.48993691,14.16964269,8.863569775,16.72134523
M73,6.933793292,0.14927683,187.268858,3.443444861,3.180958878,29.408948,8.730263531,22.32349968,2.881466211,74.25365602,283.9549068,0.39469806,5.673443872,29.07213753,0.71408051,194.3828287,428.9780644,859.6771337,3.151341454,7.527353948,1.511746946,13.85833587,1.176471463,5.469283105,0.762159366,480.2267889,0.823794132,75.70727143,31.82376126,1858.152863,114.3929954,87.68352317,,746.1800899,1805.652541,91.66626885,48.71839323,35.07502627,14.72895003,6.788630218,12.24783501
M74,8.157247403,0,66.28176563,0.5154107,2.29260395,10.02824846,4.740492594,38.9043041,3.143215415,36.46635804,142.8842707,1.546061923,8.306466896,7.381979589,1.403904462,284.4675995,306.4142173,1580.773984,20.96047433,1.759141776,46.18868468,19.57455674,0.743601715,9.093458623,2.809554349,483.6860294,2.164865471,16.21790755,45.37633796,205.1906644,212.5303112,94.51641576,,76.98582557,2301.357888,58.34305732,45.39403566,28.59336357,16.95992465,9.455543648,16.4507942
M75,12.73726293,0,57.99034752,1.432232077,8.74413524,15.18813527,9.913325974,23.28107856,2.861562625,54.46370381,2919.722113,1.211481612,7.431327117,5.660401392,1.385752221,206.4010063,804.2367492,528.6123489,5.415467158,6.52390344,1.243638857,12.9708023,1.561007144,6.289353293,1.205751,572.0897153,5.675784778,32.8134685,44.53141769,88.37249052,73.25752439,83.35477701,,580.1177478,2236.638229,50.8474457,45.62456672,9.058522136,12.03799495,7.507207589,16.11503328
M76,11.41075096,0.24551597,126.9155307,64.25215099,10.35214836,18.44830231,14.48969582,28.7502309,5.77692564,48.29495389,1974.8367,1.714450505,11.36290477,24.19612989,0.657691984,336.2728116,533.7883893,2838.300967,63.19296295,7.62302896,0.298364871,18.76390596,2.824396268,6.848067863,3.541209213,306.7907716,0.191452729,64.50596051,41.0333381,137.2028737,51.52606493,145.3786663,,224.4542003,2450.066906,86.52914061,72.93853884,19.22932733,18.73794019,11.70698837,15.61785169
M77,21.06299269,0,126.2277114,7.842961525,3.77700873,15.62511206,9.880769529,44.26330218,2.440895426,26.54128624,898.1055714,2.470962953,5.454915738,7.048217481,0.217366963,287.169598,1326.302772,470.5660158,97.75798998,3.690712174,10.08555865,17.54527357,0.938619192,5.213864576,3.818369937,297.1789497,7.211734123,37.63914861,56.52780894,212.0366302,104.5713069,95.67259683,,210.5030953,1772.250064,96.39753205,65.58215455,27.81388079,12.94650778,12.24237907,38.57708969
M79,14.29725873,0,2.625860333,4.759366359,3.56781671,5.647985032,6.124267029,3.506310045,2.933934357,34.67260601,16.21179108,0.172364832,3.661208952,42.26951468,6.50942268,111.1525138,373.4047101,1129.156867,3.056219322,2.882821419,3.678149153,8.739435643,0.938746918,9.300601759,0.788106588,344.3534543,5.59904846,35.9981376,70.97627181,1265.211467,33.82714772,70.15492174,,549.5271696,3316.502021,71.44968074,131.8726545,22.80572921,19.05819127,9.30475122,17.03356437
M8,12.43546061,0,175.9180579,3.116126105,4.546169168,13.33183697,13.95807762,31.53560088,3.439842441,14.62148479,315.1379538,1.322668419,3.585562215,13.11162499,0.625642142,183.8170693,748.7454052,4058.888359,86.61265925,1.755639104,38.05782152,7.629912796,1.01137016,9.248913606,1.780710574,382.6328205,4.393369267,15.96706556,66.21756874,130.1973276,146.1171432,69.66753791,,25.14611646,1998.314527,79.01910586,29.49075717,19.04271922,16.42203715,6.760149934,14.62809442
M80,16.34053166,1.048210858,41.07223191,5.653262105,2.186121409,11.76318299,1.991237425,39.55337428,3.042400847,22.91016163,103.611528,0.369538743,5.911519811,18.6480179,1.424038624,198.5401095,757.5083514,8775.786365,131.5174873,2.128943266,0.297230505,10.1447538,1.172542596,9.787055487,1.81962107,176.6099987,5.306761406,33.86823154,59.3880127,232.184191,323.2749807,73.47024777,,626.2217466,2292.177927,90.15986897,55.97288435,11.409528,12.78823625,6.989778152,6.752858865
M83,19.8797124,0,228.5925186,18.35445657,6.992733258,36.39350831,11.88892495,30.38486815,7.67414774,46.89508463,291.0159715,1.057602254,8.842275196,10.94784285,0.134910538,20.27962611,452.6615807,4084.428309,20.23198689,4.300149844,2.78472562,11.27430136,1.064295019,7.666466483,2.013666511,366.0004962,0.037006467,17.0147136,73.02378877,143.6397744,1.347845593,92.48632112,,509.5101175,2503.91264,83.50316835,53.12066955,33.91223121,15.64540262,8.664257047,18.8367286
M86,10.70362398,0,5.551505634,7.064812892,3.952420187,7.935883358,0.355417344,35.13312357,3.229399152,36.6157967,2273.959325,0.491411154,5.564056351,13.54902944,0.262390503,284.580003,206.9915093,32.96910649,3.571653203,2.515325404,2760.928409,9.28245394,0.933821516,2.824694225,8.426720741,393.4795593,0.470038854,36.664499,45.80624041,208.0228109,24.75705999,102.826573,,2046.79922,3172.71275,57.28262583,36.88708209,15.48102746,14.52446157,7.035885524,22.24450891
M87,11.16471309,0.337464424,146.2908985,6.194679224,0.994509975,9.575786996,0.828343028,27.88780369,3.447200634,19.58394684,192.5873277,0.308865744,1.413589367,9.769079859,0.468145408,75.80343863,464.8755544,141.3738703,8.033313922,0.275735206,5.160498277,6.727522513,1.651528328,8.415632379,0.850723618,572.0102378,1.78134947,52.47577459,47.94554894,115.5084637,253.2337264,62.63706642,,297.2741293,3952.397014,65.76017951,73.462928,15.11306661,23.58549844,5.646462978,11.40856899
M89,23.97432133,0,5.938511129,3.651716048,47.61899641,1.836575838,0.342721197,33.01011025,13.21470483,237.473527,1383.23929,3.137702178,31.43910376,23.11363616,0.397598838,593.8388282,681.4486068,2379.906295,27.19000519,59.00515424,0.114782479,16.49845551,1.080556478,7.836480851,6.329368152,344.4823497,0.011331206,109.2011151,51.21471874,549.2157495,0.780791276,106.1397416,,67.61431411,3159.24844,95.24788638,94.20318623,37.91754331,20.66990799,21.83560281,40.03916622
M9,4.647042585,0,63.830443,2.33058328,2.001412802,9.003643622,41.95832604,27.16025899,3.848439404,79.22374642,561.5780569,1.047477989,1.268448475,17.135877,2.824343058,259.0780908,151.2624066,2454.296502,14.6221208,1.094949279,1.899960213,6.04439666,0.227960478,2.902118963,2.394700509,437.6886053,1.853554598,96.9367517,38.61909125,375.3659738,23.89077419,119.4984167,,101.9719823,2493.866384,53.88292245,46.26672166,22.05218917,15.87980177,2.062977885,15.27288103
M90,33.8445315,0.472477515,65.40608493,2.954978042,4.070076175,8.341463343,1.109323506,18.9140524,1.714189921,16.02415584,1152.157712,0.776785066,3.089388578,14.4875071,0.949260063,1117.791716,621.6993657,290.9647732,11.97967153,2.481760366,2.344573865,11.61025074,1.321299067,8.515836093,2.33693292,247.14736,16.92683515,21.74047275,55.87128071,499.1512043,406.2505601,83.95921388,,2196.53892,1861.92215,74.10728354,65.50725572,17.71990925,12.86663934,13.43646323,18.24621974
M91,5.121329124,0,138.4723014,1.790504134,0.775434737,4.840978483,22.91752872,18.36369265,1.79394991,16.614009,416.6910976,1.133771675,1.630893698,10.94663043,1.236313564,179.071205,319.3591385,1357.050517,24.43543787,0.443640445,0,11.10216662,1.231976516,4.761536492,0.509386746,204.2908948,3.282962334,22.23665396,26.11875406,711.6510339,47.91396189,66.67418314,,219.7950898,1997.153387,39.68729542,71.87344171,16.86851914,16.50690674,4.19298486,8.180988542
M92,5.568057378,0.594463178,51.65126672,2.221084995,1.572206343,5.025395812,0.95163544,71.3230399,1.730995553,18.81723246,158.5086207,1.054584394,1.457631073,9.162497764,0.151662587,429.6927885,1070.544713,35.90808333,28.84347875,0.832668989,0.321077876,8.482764893,1.397957568,5.035220213,0.379392165,227.7271517,1.652178497,9.901995315,42.4733691,179.0980814,132.0894256,88.13781837,,1284.086471,1788.237621,26.34496813,34.10092153,14.96274542,16.79435339,8.562067816,13.63876569
M93,14.98474874,0.183418685,85.94712016,3.456320023,2.536361811,15.8212529,2.720901152,81.3682433,3.294991649,11.75016598,435.0112867,1.865274759,2.323681912,10.08032687,0.772113278,338.4481535,573.6309139,659.3402065,30.3946358,0.963434677,1.820356064,10.12285188,1.88853873,7.457243466,0.877946874,241.229612,5.715675808,4.383564855,57.11278352,359.3799973,152.6295344,86.80713248,,1005.517068,2284.76352,61.78806254,49.79927559,20.27779069,14.52712811,8.82468219,18.80208408
M94,4.087986632,5.684609873,1.832518737,0.419234644,0.063247133,0.675503627,0.007443847,4.477231756,0.284997869,1.629619644,8.345726187,1.595970329,0.441820806,0.915621609,0.727368224,7.944965239,20.10422421,12.05776932,3.413450495,0.065132722,0,2.011098527,0.159592642,1.360201676,0.186963033,166.0673138,0.177815841,1.353057367,11.73817221,12.66106038,0.699120595,13.16014178,,13.3097988,101.8889265,11.98566379,3.729378603,8.69169704,2.068558383,5.065790778,6.485861056
M95,5.461216255,0,92.73580066,1.574491493,1.518639446,8.808751852,0.425923344,45.50809657,3.544575987,22.23672724,263.9262695,0.236751689,2.038724188,20.97283471,4.759148097,362.4239341,235.2033514,386.6774456,5.018505743,2.229410316,0.057738528,9.547407603,1.232041218,5.053782907,1.364500441,315.0987725,32.09178721,24.99542968,42.66883561,330.4980102,201.4554067,73.99757154,,53.37803448,1194.071428,48.81009279,39.77110666,9.159857949,13.31239757,9.941390353,15.71554184
M96,5.32107554,0.169142509,160.8734563,0.219813894,1.303675433,1.555228121,0.07220498,6.704323757,1.128029396,6.883796601,47.67631049,0.317261655,1.38246509,13.95188986,0.453101573,296.1376007,217.0966143,231.4725641,2.59688745,0.329054401,4.293743028,5.996138824,0.444345213,5.264230661,0.316648609,71.01011722,2.052856851,1.469954651,52.59398832,45.67201835,174.9424591,29.3039397,,168.9986518,1135.421664,39.27605711,19.27495833,11.41331448,8.946799965,4.340172549,5.059960647
M97,6.929751651,0.291057437,87.45371134,1.796696331,2.419289983,6.20061547,6.730156955,23.04634543,2.829621525,42.26362903,703.3612392,0.513050398,3.66750393,22.54448454,0.779689171,136.8943921,247.4235009,130.5369587,24.40585666,3.782423026,1.21833249,12.04451094,1.220927689,5.664488511,1.461278007,193.8101755,21.84691786,56.34097655,51.83431862,532.1754518,251.4731049,91.18071959,,1019.4413,1426.759624,45.11791735,51.91904729,19.17221465,15.0273123,9.537787728,13.8861391
M98,10.09558489,0.59952131,70.09197393,2.921717779,0.660120619,7.223009275,15.26431943,40.23622769,2.075561426,22.85027063,158.2333281,1.021944316,2.152549313,15.62264056,0.39330783,1038.5482,376.1384109,1143.001602,7.725290418,1.179654362,2.289798183,8.24581436,0.860064414,4.575318427,0.557532458,163.3448123,6.755706898,18.12942776,35.83483584,1573.260853,141.5471021,70.3965314,,262.5214684,3978.569245,54.81278629,42.83934189,23.66708425,12.832346,6.886939415,10.74011998
M99,1.878521951,0,1.351958283,0.357235011,3.560831243,2.375583683,0.648193572,32.67606771,2.618914096,72.53027922,9.87403744,0.141990835,3.883652645,5.262691122,0.210390634,47.35301795,111.3244098,24.98993149,41.07531579,4.217039002,6.341766033,4.715802556,0.831954656,3.465426351,7.465156366,298.3467347,1.202900143,7.394296727,12.65610212,78.07222044,16.12300212,58.59012459,,58.27256575,1490.651419,22.62022326,22.84468291,13.41722657,14.45360215,3.010100682,7.838783659
